"Date","MinDO","Location"
2013-10-11,5.90667,"Upstream2"
2013-10-12,3.16,"Upstream2"
2013-10-13,0.95,"Upstream2"
2013-10-14,0.12,"Upstream2"
2013-10-15,0.01,"Upstream2"
2013-10-16,0,"Upstream2"
2013-10-19,7.47,"Upstream2"
2013-10-20,7.29,"Upstream2"
2013-10-21,7.68,"Upstream2"
2013-10-22,7.59333,"Upstream2"
2013-10-23,7.46667,"Upstream2"
2013-10-24,7.55667,"Upstream2"
2013-10-25,7.90667,"Upstream2"
2013-10-26,7.69,"Upstream2"
2013-10-27,7.82333,"Upstream2"
2013-10-28,8.46,"Upstream2"
2013-10-29,8.23,"Upstream2"
2013-10-30,8.07333,"Upstream2"
2013-10-31,7.94,"Upstream2"
2013-11-01,7.42667,"Upstream2"
2013-11-02,6.72667,"Upstream2"
2013-11-03,6.76,"Upstream2"
2013-11-04,7.80333,"Upstream2"
2013-11-05,8.39667,"Upstream2"
2013-11-06,8.44333,"Upstream2"
2013-11-07,7.85333,"Upstream2"
2013-11-08,7.98667,"Upstream2"
2013-11-09,8.78667,"Upstream2"
2013-11-10,8.69667,"Upstream2"
2013-11-11,8.54333,"Upstream2"
2013-11-12,8.62333,"Upstream2"
2013-11-13,8.28,"Upstream2"
2013-11-14,9.33667,"Upstream2"
2013-11-15,9.36,"Upstream2"
2013-11-16,8.56333,"Upstream2"
2013-11-17,7.98333,"Upstream2"
2013-11-18,7.72333,"Upstream2"
2013-11-19,8.03667,"Upstream2"
2013-11-20,9.01667,"Upstream2"
2013-11-21,9.18,"Upstream2"
2013-11-22,8.75667,"Upstream2"
2013-11-23,8.12,"Upstream2"
2013-11-24,8.67667,"Upstream2"
2013-11-25,10.1933,"Upstream2"
2013-11-26,9.96667,"Upstream2"
2013-11-27,9.09667,"Upstream2"
2013-11-28,9.65667,"Upstream2"
2013-11-29,10.4267,"Upstream2"
2013-11-30,10.5233,"Upstream2"
2013-12-01,10.3467,"Upstream2"
2013-12-02,9.72333,"Upstream2"
2013-12-03,9.59,"Upstream2"
2013-12-04,9.76,"Upstream2"
2013-12-05,9.38667,"Upstream2"
2013-12-06,8.96667,"Upstream2"
2013-12-07,8.52333,"Upstream2"
2013-12-08,9.40667,"Upstream2"
2013-12-09,10.1233,"Upstream2"
2013-12-10,9.12667,"Upstream2"
2013-12-11,9.83,"Upstream2"
2013-12-12,10.4167,"Upstream2"
2013-12-13,10.93,"Upstream2"
2013-12-14,10.3267,"Upstream2"
2013-12-15,11.0567,"Upstream2"
2013-12-16,10.9967,"Upstream2"
2013-12-17,11.2867,"Upstream2"
2013-12-18,11.0233,"Upstream2"
2013-12-19,11.5667,"Upstream2"
2013-12-20,11.25,"Upstream2"
2013-12-21,10.58,"Upstream2"
2013-12-22,9.64,"Upstream2"
2013-12-23,8.97667,"Upstream2"
2013-12-24,8.96667,"Upstream2"
2013-12-25,10.2633,"Upstream2"
2013-12-26,11.5267,"Upstream2"
2013-12-27,11.2667,"Upstream2"
2013-12-28,11.4067,"Upstream2"
2013-12-29,10.5333,"Upstream2"
2013-12-30,10.41,"Upstream2"
2013-12-31,11.2233,"Upstream2"
2014-01-01,11.9567,"Upstream2"
2014-01-02,12.0433,"Upstream2"
2014-01-03,11.9767,"Upstream2"
2014-01-04,12.5567,"Upstream2"
2014-01-05,12.6433,"Upstream2"
2014-01-06,11.85,"Upstream2"
2014-01-07,11.7033,"Upstream2"
2014-01-08,12.72,"Upstream2"
2014-01-09,12.5967,"Upstream2"
2014-01-10,11.97,"Upstream2"
2014-01-11,11.1467,"Upstream2"
2014-01-12,10.9467,"Upstream2"
2014-01-13,11.4833,"Upstream2"
2014-01-14,10.5133,"Upstream2"
2014-01-15,12.4033,"Upstream2"
2014-01-16,11.58,"Upstream2"
2014-01-17,12.8033,"Upstream2"
2014-01-18,12.7133,"Upstream2"
2014-01-19,12.7067,"Upstream2"
2014-01-20,12.91,"Upstream2"
2014-01-21,12.0067,"Upstream2"
2014-01-22,12.6733,"Upstream2"
2014-01-23,12.6767,"Upstream2"
2014-01-24,12.2033,"Upstream2"
2014-01-25,12.62,"Upstream2"
2014-01-26,12.0567,"Upstream2"
2014-01-27,12.4033,"Upstream2"
2014-01-28,12.1067,"Upstream2"
2014-01-29,13.1467,"Upstream2"
2014-01-30,13.4333,"Upstream2"
2014-01-31,13.3233,"Upstream2"
2014-02-01,12.95,"Upstream2"
2014-02-02,12.3767,"Upstream2"
2014-02-03,11.9867,"Upstream2"
2014-02-04,11.9,"Upstream2"
2014-02-05,12.0167,"Upstream2"
2014-02-06,12.4467,"Upstream2"
2014-02-07,12.7333,"Upstream2"
2014-02-08,12.18,"Upstream2"
2014-02-09,12.3,"Upstream2"
2014-02-10,12.2933,"Upstream2"
2014-02-11,12.8067,"Upstream2"
2014-02-12,13.06,"Upstream2"
2014-02-13,13.13,"Upstream2"
2014-02-14,12.8167,"Upstream2"
2014-02-15,12.83,"Upstream2"
2014-02-16,12.99,"Upstream2"
2014-02-17,13.0033,"Upstream2"
2014-02-18,13.1333,"Upstream2"
2014-02-19,13.61,"Upstream2"
2014-02-20,13.5967,"Upstream2"
2014-02-21,12.3467,"Upstream2"
2014-02-22,12.5267,"Upstream2"
2014-02-23,12.8933,"Upstream2"
2014-02-24,12.8867,"Upstream2"
2014-02-25,12.9533,"Upstream2"
2014-02-26,12.0367,"Upstream2"
2014-02-27,11.88,"Upstream2"
2014-02-28,11.7533,"Upstream2"
2014-03-01,11.7133,"Upstream2"
2014-03-02,11.0967,"Upstream2"
2014-03-03,10.9667,"Upstream2"
2014-03-04,11.4933,"Upstream2"
2014-03-05,10.6267,"Upstream2"
2014-03-06,10.5667,"Upstream2"
2014-03-07,11.86,"Upstream2"
2014-03-08,12.2133,"Upstream2"
2014-06-03,8.52667,"Upstream2"
2014-06-04,9.55,"Upstream2"
2014-06-05,9.18667,"Upstream2"
2014-06-06,8.49,"Upstream2"
2014-06-07,8.58,"Upstream2"
2014-06-08,8.57,"Upstream2"
2014-06-09,8.57,"Upstream2"
2014-06-10,6.22333,"Upstream2"
2014-06-11,6.02,"Upstream2"
2014-06-12,6.14333,"Upstream2"
2014-06-13,6.25333,"Upstream2"
2014-06-14,6.47667,"Upstream2"
2014-06-15,6.36667,"Upstream2"
2014-06-16,6.33667,"Upstream2"
2014-06-17,6.03667,"Upstream2"
2014-06-18,5.97,"Upstream2"
2014-06-19,6.10667,"Upstream2"
2014-06-20,5.99,"Upstream2"
2014-06-21,5.84,"Upstream2"
2014-06-22,5.79,"Upstream2"
2014-06-23,5.95333,"Upstream2"
2014-06-24,5.90333,"Upstream2"
2014-06-25,5.77667,"Upstream2"
2014-06-26,5.11667,"Upstream2"
2014-06-27,5.87,"Upstream2"
2014-06-28,6.13667,"Upstream2"
2014-06-29,6.12667,"Upstream2"
2014-06-30,6.01667,"Upstream2"
2014-07-01,5.73,"Upstream2"
2014-07-02,5.53,"Upstream2"
2014-07-03,5.95,"Upstream2"
2014-07-04,5.79667,"Upstream2"
2014-07-05,6.06333,"Upstream2"
2014-07-06,6.17,"Upstream2"
2014-07-07,6.02,"Upstream2"
2014-07-08,5.79,"Upstream2"
2014-07-09,5.62,"Upstream2"
2014-07-10,6.08667,"Upstream2"
2014-07-11,6.07,"Upstream2"
2014-07-12,6.16667,"Upstream2"
2014-07-13,5.87667,"Upstream2"
2014-07-14,5.64,"Upstream2"
2014-07-15,4.95667,"Upstream2"
2014-07-16,5.93333,"Upstream2"
2014-07-17,5.82,"Upstream2"
2014-07-18,5.4,"Upstream2"
2014-07-19,6.43333,"Upstream2"
2014-07-20,6.31333,"Upstream2"
2014-07-21,6.2,"Upstream2"
2014-07-22,6.17,"Upstream2"
2014-07-23,5.74333,"Upstream2"
2014-07-24,5.3,"Upstream2"
2014-07-25,6,"Upstream2"
2014-07-26,6.10667,"Upstream2"
2014-07-27,5.77667,"Upstream2"
2014-07-28,6.43333,"Upstream2"
2014-07-29,6.36667,"Upstream2"
2014-07-30,6.42,"Upstream2"
2014-07-31,6.39,"Upstream2"
2014-08-01,6.63,"Upstream2"
2014-08-02,9.18333,"Upstream2"
2014-08-03,7.79333,"Upstream2"
2014-08-04,8.35333,"Upstream2"
2014-08-05,8.18667,"Upstream2"
2014-08-06,7.03,"Upstream2"
2014-08-07,6.54333,"Upstream2"
2014-08-08,6.64333,"Upstream2"
2014-08-09,6.77667,"Upstream2"
2014-08-10,7.09667,"Upstream2"
2014-08-11,6.97667,"Upstream2"
2014-08-12,6.76333,"Upstream2"
2014-08-13,6.43,"Upstream2"
2014-08-14,6.62,"Upstream2"
2014-08-15,6.51333,"Upstream2"
2014-08-16,6.56667,"Upstream2"
2014-08-17,6.3,"Upstream2"
2014-08-18,6.33,"Upstream2"
2014-08-20,6.71,"Upstream2"
2014-08-21,6.43,"Upstream2"
2014-08-22,6.23667,"Upstream2"
2014-08-23,6.21667,"Upstream2"
2014-08-24,6.39333,"Upstream2"
2014-08-25,6.53,"Upstream2"
2014-08-26,6.59,"Upstream2"
2014-08-27,6.77667,"Upstream2"
2014-08-28,6.67,"Upstream2"
2014-08-29,6.43333,"Upstream2"
2014-08-30,6.58667,"Upstream2"
2014-08-31,6.38667,"Upstream2"
2014-09-01,6.13667,"Upstream2"
2014-09-02,6.15667,"Upstream2"
2014-09-03,5.93333,"Upstream2"
2014-09-04,5.36,"Upstream2"
2014-09-05,6.41333,"Upstream2"
2014-09-06,6.37333,"Upstream2"
2014-09-07,6.23333,"Upstream2"
2014-09-08,6.52333,"Upstream2"
2014-09-09,6.79667,"Upstream2"
2014-09-10,6.63667,"Upstream2"
2014-09-11,6.47333,"Upstream2"
2014-09-12,6.12333,"Upstream2"
2014-09-13,6.43,"Upstream2"
2014-09-14,6.42667,"Upstream2"
2014-09-15,7.04667,"Upstream2"
2014-09-16,6.90667,"Upstream2"
2014-09-17,6.65667,"Upstream2"
2014-09-18,6.72333,"Upstream2"
2014-09-19,6.94333,"Upstream2"
2014-09-20,7.04,"Upstream2"
2014-09-21,6.93667,"Upstream2"
2014-09-22,6.74667,"Upstream2"
2014-09-23,6.98333,"Upstream2"
2014-09-24,7.62667,"Upstream2"
2014-09-25,7.79667,"Upstream2"
2014-09-26,7.66667,"Upstream2"
2014-09-27,7.57667,"Upstream2"
2014-09-28,7.50333,"Upstream2"
2014-09-29,7.4,"Upstream2"
2014-09-30,7.53,"Upstream2"
2014-10-01,7.56,"Upstream2"
2014-10-02,7.46667,"Upstream2"
2014-10-03,7.30333,"Upstream2"
2014-10-04,7.03333,"Upstream2"
2014-10-05,7.22667,"Upstream2"
2014-10-06,7.80333,"Upstream2"
2014-10-07,7.62333,"Upstream2"
2014-10-08,7.57,"Upstream2"
2014-10-09,7.46667,"Upstream2"
2014-10-10,7.60333,"Upstream2"
2014-10-11,7.27333,"Upstream2"
2014-10-12,7.19,"Upstream2"
2014-10-13,7.59,"Upstream2"
2014-10-14,7.44,"Upstream2"
2014-10-15,7.20333,"Upstream2"
2014-10-16,7.43,"Upstream2"
2014-10-17,7.59667,"Upstream2"
2014-10-18,7.6,"Upstream2"
2014-10-19,7.56333,"Upstream2"
2014-10-20,7.78667,"Upstream2"
2014-10-21,7.74667,"Upstream2"
2014-10-22,7.97667,"Upstream2"
2014-10-23,8.23333,"Upstream2"
2014-10-24,8.18667,"Upstream2"
2014-10-25,8.22,"Upstream2"
2014-10-26,8.15667,"Upstream2"
2014-10-27,8.05,"Upstream2"
2014-10-28,8.04333,"Upstream2"
2014-10-29,8.02,"Upstream2"
2014-10-30,7.68333,"Upstream2"
2014-10-31,8.11667,"Upstream2"
2014-11-01,8.17667,"Upstream2"
2014-11-02,8.48333,"Upstream2"
2014-11-03,8.9,"Upstream2"
2014-11-04,8.53667,"Upstream2"
2014-11-05,8.82667,"Upstream2"
2014-11-06,8.36667,"Upstream2"
2014-11-07,8.23333,"Upstream2"
2014-11-08,8.87,"Upstream2"
2014-11-09,8.87333,"Upstream2"
2014-11-10,8.96667,"Upstream2"
2014-11-11,8.81667,"Upstream2"
2014-11-12,8.29667,"Upstream2"
2014-11-13,8.29,"Upstream2"
2014-11-14,9.01333,"Upstream2"
2014-11-15,9.90667,"Upstream2"
2014-11-16,10.0633,"Upstream2"
2014-11-17,9.39333,"Upstream2"
2014-11-18,8.30333,"Upstream2"
2014-11-19,10.2633,"Upstream2"
2014-11-20,10.3267,"Upstream2"
2014-11-21,10.0333,"Upstream2"
2014-11-22,10.94,"Upstream2"
2014-11-23,10.6567,"Upstream2"
2014-11-24,8.86,"Upstream2"
2014-11-25,8.63,"Upstream2"
2014-11-26,9.09,"Upstream2"
2014-11-27,9.82,"Upstream2"
2014-11-28,10.1267,"Upstream2"
2014-11-29,10.67,"Upstream2"
2014-11-30,10.6333,"Upstream2"
2014-12-01,10.0433,"Upstream2"
2014-12-02,10.3733,"Upstream2"
2014-12-03,10.6733,"Upstream2"
2014-12-04,10.67,"Upstream2"
2014-12-05,11.21,"Upstream2"
2014-12-06,10.65,"Upstream2"
2014-12-07,10.54,"Upstream2"
2014-12-08,10.9367,"Upstream2"
2014-12-09,10.7067,"Upstream2"
2014-12-10,10.8867,"Upstream2"
2014-12-11,10.9133,"Upstream2"
2014-12-12,11.1933,"Upstream2"
2014-12-13,11.2233,"Upstream2"
2014-12-14,11.0367,"Upstream2"
2014-12-15,11.0233,"Upstream2"
2014-12-16,11.2733,"Upstream2"
2014-12-17,11.1833,"Upstream2"
2014-12-18,11.24,"Upstream2"
2014-12-19,11.3133,"Upstream2"
2014-12-20,11.37,"Upstream2"
2014-12-21,11.4633,"Upstream2"
2014-12-22,11.4133,"Upstream2"
2014-12-23,11.41,"Upstream2"
2014-12-24,10.82,"Upstream2"
2014-12-25,10.45,"Upstream2"
2014-12-26,10.99,"Upstream2"
2014-12-27,11.2567,"Upstream2"
2014-12-28,11.1267,"Upstream2"
2014-12-29,10.88,"Upstream2"
2014-12-30,10.9733,"Upstream2"
2014-12-31,12.17,"Upstream2"
2015-01-01,12.4233,"Upstream2"
2015-01-02,12.3533,"Upstream2"
2015-02-09,8.78667,"Upstream2"
2015-02-10,11.49,"Upstream2"
2015-02-11,12.08,"Upstream2"
2015-02-12,13.0967,"Upstream2"
2015-02-13,12.7933,"Upstream2"
2015-02-14,12.76,"Upstream2"
2015-02-15,12.54,"Upstream2"
2015-02-16,13.07,"Upstream2"
2015-02-17,13.0733,"Upstream2"
2015-02-18,13.0933,"Upstream2"
2015-02-19,12.8233,"Upstream2"
2015-02-20,13.3467,"Upstream2"
2015-02-21,13.47,"Upstream2"
2015-02-22,13.1567,"Upstream2"
2015-02-23,12.8833,"Upstream2"
2015-02-24,13.1133,"Upstream2"
2015-02-25,13.2767,"Upstream2"
2015-02-26,13.1833,"Upstream2"
2015-02-27,13.4967,"Upstream2"
2015-02-28,13.7133,"Upstream2"
2015-03-01,13.9833,"Upstream2"
2015-03-02,13.7367,"Upstream2"
2015-03-03,13.89,"Upstream2"
2015-03-04,14.1433,"Upstream2"
2015-03-05,13.3767,"Upstream2"
2015-03-06,13.28,"Upstream2"
2015-03-07,13.9933,"Upstream2"
2015-03-08,13.94,"Upstream2"
2015-03-09,13.7867,"Upstream2"
2015-03-10,13.6967,"Upstream2"
2015-03-11,12.1633,"Upstream2"
2015-03-12,12.1933,"Upstream2"
2015-03-13,12.5,"Upstream2"
2015-03-14,11.7,"Upstream2"
2015-03-15,11.4933,"Upstream2"
2015-03-16,11.3733,"Upstream2"
2015-03-17,11.27,"Upstream2"
2015-03-18,10.83,"Upstream2"
2015-03-19,10.5767,"Upstream2"
2015-03-20,11.13,"Upstream2"
2015-03-21,11.0967,"Upstream2"
2015-03-22,10.73,"Upstream2"
2015-03-23,10.8567,"Upstream2"
2015-03-24,11.7933,"Upstream2"
2015-03-25,11.6667,"Upstream2"
2015-03-26,10.9133,"Upstream2"
2015-03-27,11.07,"Upstream2"
2015-03-28,11.04,"Upstream2"
2015-03-29,11.07,"Upstream2"
2015-03-30,11.2133,"Upstream2"
2015-03-31,10.6567,"Upstream2"
2015-04-01,10.4567,"Upstream2"
2015-04-02,10.4367,"Upstream2"
2015-04-03,9.61333,"Upstream2"
2015-04-04,9.33667,"Upstream2"
2015-04-05,9.76333,"Upstream2"
2015-04-06,9.66,"Upstream2"
2015-04-07,9.30333,"Upstream2"
2015-04-08,8.9,"Upstream2"
2015-04-09,7.68667,"Upstream2"
2015-04-10,5.85667,"Upstream2"
2015-04-11,7.31333,"Upstream2"
2015-04-12,7.27,"Upstream2"
2015-04-13,8.31333,"Upstream2"
2015-04-14,8,"Upstream2"
2015-04-15,4.99333,"Upstream2"
2015-04-16,9.48,"Upstream2"
2015-04-17,9.37,"Upstream2"
2015-04-18,9.11,"Upstream2"
2015-04-19,8.82333,"Upstream2"
2015-04-20,7.57,"Upstream2"
2015-04-21,7.81667,"Upstream2"
2015-04-22,9.24667,"Upstream2"
2015-04-23,9.53333,"Upstream2"
2015-04-24,9.19333,"Upstream2"
2015-04-25,8.96,"Upstream2"
2015-04-26,8.96,"Upstream2"
2015-04-27,8.94333,"Upstream2"
2015-04-28,8.75667,"Upstream2"
2015-04-29,8.74333,"Upstream2"
2015-04-30,8.52,"Upstream2"
2015-05-01,8.32667,"Upstream2"
2015-05-02,8.57667,"Upstream2"
2015-05-03,8.33333,"Upstream2"
2015-05-04,8.16,"Upstream2"
2015-05-05,8.36333,"Upstream2"
2015-05-06,8.34,"Upstream2"
2015-05-07,8.04,"Upstream2"
2015-05-08,7.55667,"Upstream2"
2015-05-09,7.24667,"Upstream2"
2015-05-10,7.01667,"Upstream2"
2015-05-11,6.87667,"Upstream2"
2015-05-12,6.78333,"Upstream2"
2015-05-13,6.58333,"Upstream2"
2015-05-14,6.42,"Upstream2"
2015-05-15,5.85,"Upstream2"
2015-05-16,5.63333,"Upstream2"
2015-05-17,5.60333,"Upstream2"
2015-05-18,5.03,"Upstream2"
2015-05-19,4.7,"Upstream2"
2015-05-20,5.10333,"Upstream2"
2015-05-21,5.34667,"Upstream2"
2015-05-22,5.49333,"Upstream2"
2015-05-23,4.93667,"Upstream2"
2015-05-24,4.23333,"Upstream2"
2015-05-25,3.66333,"Upstream2"
2015-05-26,6.86667,"Upstream2"
2015-05-27,6.58333,"Upstream2"
2015-05-28,6.47,"Upstream2"
2015-05-29,6.76333,"Upstream2"
2015-05-30,6.58,"Upstream2"
2015-05-31,6.68,"Upstream2"
2015-06-01,6.5,"Upstream2"
2015-06-02,6.03,"Upstream2"
2015-06-03,6.96667,"Upstream2"
2015-06-04,7.2,"Upstream2"
2015-06-05,7.32,"Upstream2"
2015-06-06,7.17,"Upstream2"
2015-06-07,7.29,"Upstream2"
2015-06-08,7.14667,"Upstream2"
2015-06-09,6.82,"Upstream2"
2015-06-10,6.84,"Upstream2"
2015-06-11,6.53667,"Upstream2"
2015-06-12,6.48667,"Upstream2"
2015-06-13,6.37667,"Upstream2"
2015-06-14,5.99,"Upstream2"
2015-06-15,5.85333,"Upstream2"
2015-06-16,6.01667,"Upstream2"
2015-06-17,6.06333,"Upstream2"
2015-06-18,5.94,"Upstream2"
2015-06-19,5.82667,"Upstream2"
2015-06-20,4.86333,"Upstream2"
2015-06-21,3.27667,"Upstream2"
2015-06-22,3.37333,"Upstream2"
2015-06-23,3.25667,"Upstream2"
2015-06-24,6.07,"Upstream2"
2015-06-25,6.08667,"Upstream2"
2015-06-26,5.89333,"Upstream2"
2015-06-27,5.14667,"Upstream2"
2015-06-28,4.96333,"Upstream2"
2015-06-29,5.89667,"Upstream2"
2015-06-30,6.02,"Upstream2"
2015-07-01,5.78333,"Upstream2"
2017-09-19,7.04667,"Upstream2"
2017-09-20,6.69333,"Upstream2"
2017-09-22,6.58333,"Upstream2"
2017-09-23,6.54,"Upstream2"
2017-09-24,6.49667,"Upstream2"
2017-09-25,6.49667,"Upstream2"
2017-09-26,6.35667,"Upstream2"
2017-09-27,6.25667,"Upstream2"
2017-09-28,6.04667,"Upstream2"
2017-09-29,5.58333,"Upstream2"
2017-09-30,6.76,"Upstream2"
2017-10-01,6.94,"Upstream2"
2017-10-02,7.02,"Upstream2"
2017-10-03,6.85,"Upstream2"
2017-10-04,7.22667,"Upstream2"
2017-10-05,7.02667,"Upstream2"
2017-10-06,6.97,"Upstream2"
2017-10-07,6.83,"Upstream2"
2017-10-08,6.55333,"Upstream2"
2017-10-09,6.35333,"Upstream2"
2017-10-10,5.96,"Upstream2"
2017-10-11,5.71667,"Upstream2"
2017-10-12,5.31,"Upstream2"
2017-10-13,5.90667,"Upstream2"
2017-10-14,5.98,"Upstream2"
2017-10-15,6.02667,"Upstream2"
2017-10-16,5.91333,"Upstream2"
2017-10-17,5.85667,"Upstream2"
2017-10-18,7.75667,"Upstream2"
2017-10-19,7.67667,"Upstream2"
2017-10-20,7.45,"Upstream2"
2017-10-21,7.35,"Upstream2"
2017-10-22,7.1,"Upstream2"
2017-10-23,6.84333,"Upstream2"
2017-10-24,7.00667,"Upstream2"
2017-10-25,6.93,"Upstream2"
2017-10-26,7.34667,"Upstream2"
2017-10-27,7.61667,"Upstream2"
2017-10-28,7.17333,"Upstream2"
2017-10-29,7.21667,"Upstream2"
2017-10-30,7.53667,"Upstream2"
2017-10-31,7.72333,"Upstream2"
2017-11-01,7.32667,"Upstream2"
2017-11-02,7.04667,"Upstream2"
2017-11-03,7.96,"Upstream2"
2017-11-04,7.67667,"Upstream2"
2017-11-05,7.85333,"Upstream2"
2017-11-06,7.76,"Upstream2"
2017-11-07,7.16667,"Upstream2"
2017-11-08,7.46667,"Upstream2"
2017-11-09,8.07667,"Upstream2"
2017-11-10,7.84,"Upstream2"
2017-11-11,8.11333,"Upstream2"
2017-11-12,8.57667,"Upstream2"
2017-11-13,8.15,"Upstream2"
2017-11-14,8.80667,"Upstream2"
2017-11-15,8.63,"Upstream2"
2017-11-16,8.92333,"Upstream2"
2017-11-17,8.92667,"Upstream2"
2017-11-18,9.74667,"Upstream2"
2017-11-19,8.87333,"Upstream2"
2017-11-20,9.08,"Upstream2"
2017-11-21,9.88667,"Upstream2"
2017-11-22,9.31667,"Upstream2"
2017-11-23,9.09333,"Upstream2"
2017-11-24,9.73,"Upstream2"
2017-11-25,9.96667,"Upstream2"
2017-11-26,9.51667,"Upstream2"
2017-11-27,9.72333,"Upstream2"
2017-11-28,10.13,"Upstream2"
2017-11-29,9.85667,"Upstream2"
2017-11-30,9.63333,"Upstream2"
2017-12-01,9.31333,"Upstream2"
2017-12-02,9.1,"Upstream2"
2017-12-03,9.05,"Upstream2"
2017-12-04,9.14,"Upstream2"
2017-12-05,9.29667,"Upstream2"
2017-12-06,8.94667,"Upstream2"
2017-12-07,9.28667,"Upstream2"
2017-12-08,9.75667,"Upstream2"
2017-12-09,10.5,"Upstream2"
2017-12-10,10.71,"Upstream2"
2017-12-11,11.03,"Upstream2"
2017-12-12,10.77,"Upstream2"
2017-12-13,10.7367,"Upstream2"
2017-12-14,11.2467,"Upstream2"
2017-12-15,10.8667,"Upstream2"
2017-12-16,11.0367,"Upstream2"
2017-12-17,11.2067,"Upstream2"
2017-12-18,10.61,"Upstream2"
2017-12-19,10.1333,"Upstream2"
2017-12-20,9.52667,"Upstream2"
2017-12-21,9.32,"Upstream2"
2017-12-22,9.93,"Upstream2"
2017-12-23,9.53,"Upstream2"
2017-12-24,9.24333,"Upstream2"
2017-12-25,9.72667,"Upstream2"
2017-12-26,10.8633,"Upstream2"
2017-12-27,11.0167,"Upstream2"
2017-12-28,11.0567,"Upstream2"
2017-12-29,11.8833,"Upstream2"
2017-12-30,11.5467,"Upstream2"
2017-12-31,10.9,"Upstream2"
2018-01-01,11.8667,"Upstream2"
2018-01-02,12.4467,"Upstream2"
2018-01-03,12.52,"Upstream2"
2018-01-04,11.9533,"Upstream2"
2018-01-05,12.3533,"Upstream2"
2018-01-06,12.86,"Upstream2"
2018-01-07,13.0967,"Upstream2"
2018-01-08,12.7467,"Upstream2"
2018-01-09,11.6833,"Upstream2"
2018-01-10,11.0833,"Upstream2"
2018-01-11,11.7067,"Upstream2"
2018-01-12,10.5633,"Upstream2"
2018-01-13,9.17333,"Upstream2"
2018-01-14,10.2367,"Upstream2"
2018-01-15,12.3967,"Upstream2"
2018-01-16,12.6,"Upstream2"
2018-01-17,12.0967,"Upstream2"
2018-01-18,12.6533,"Upstream2"
2018-01-19,12.7533,"Upstream2"
2018-01-20,12.34,"Upstream2"
2018-01-21,11.9133,"Upstream2"
2018-01-22,11.3733,"Upstream2"
2018-01-23,10.24,"Upstream2"
2018-01-24,9.52333,"Upstream2"
2018-01-25,10.9833,"Upstream2"
2018-01-26,11.56,"Upstream2"
2018-01-27,11.2867,"Upstream2"
2018-01-28,9.96333,"Upstream2"
2018-01-29,9.45,"Upstream2"
2018-01-30,10.2867,"Upstream2"
2018-01-31,11.2633,"Upstream2"
2018-02-01,11.6233,"Upstream2"
2018-02-02,10.5933,"Upstream2"
2018-02-03,11.4467,"Upstream2"
2018-02-04,11.3833,"Upstream2"
2018-02-05,10.9667,"Upstream2"
2018-02-06,11.4267,"Upstream2"
2018-02-07,10.9033,"Upstream2"
2018-02-08,10.37,"Upstream2"
2018-02-09,11.19,"Upstream2"
2018-02-10,10.91,"Upstream2"
2018-02-11,10.04,"Upstream2"
2018-02-12,9.24667,"Upstream2"
2018-02-13,10.0833,"Upstream2"
2018-02-14,10.78,"Upstream2"
2018-02-15,9.87667,"Upstream2"
2018-02-16,8.87667,"Upstream2"
2018-02-17,8.61667,"Upstream2"
2018-02-18,9.67667,"Upstream2"
2018-02-19,9.64,"Upstream2"
2018-02-20,9.59667,"Upstream2"
2018-02-21,8.71,"Upstream2"
2018-02-22,8.57667,"Upstream2"
2018-02-23,8.06,"Upstream2"
2018-02-24,8.57,"Upstream2"
2018-02-25,7.65,"Upstream2"
2018-02-26,7.26,"Upstream2"
2018-02-27,8.07333,"Upstream2"
2018-02-28,8.71667,"Upstream2"
2018-03-01,6.83667,"Upstream2"
2018-03-02,7.06667,"Upstream2"
2018-03-03,8.73667,"Upstream2"
2018-03-04,8.41,"Upstream2"
2018-03-05,7.95333,"Upstream2"
2018-03-06,8.98,"Upstream2"
2018-03-07,7.18667,"Upstream2"
2018-03-08,9.45333,"Upstream2"
2018-03-09,9.82667,"Upstream2"
2018-03-10,9.27667,"Upstream2"
2018-03-11,8.89,"Upstream2"
2018-03-12,8.28,"Upstream2"
2018-03-13,9.75333,"Upstream2"
2018-03-14,9.94667,"Upstream2"
2018-03-15,10.43,"Upstream2"
2018-03-16,10.0167,"Upstream2"
2018-03-17,9.98333,"Upstream2"
2018-03-18,9.45667,"Upstream2"
2018-03-19,9.38,"Upstream2"
2018-03-20,8.77667,"Upstream2"
2018-03-21,9.59,"Upstream2"
2018-03-22,10.3833,"Upstream2"
2018-03-23,10.4933,"Upstream2"
2018-03-24,10.7233,"Upstream2"
2018-03-25,10.8733,"Upstream2"
2018-03-26,9.87667,"Upstream2"
2018-03-27,11.39,"Upstream2"
2018-03-28,11.2033,"Upstream2"
2018-03-29,11.1833,"Upstream2"
2018-03-30,10.76,"Upstream2"
2018-03-31,10.5933,"Upstream2"
2018-04-01,10.6033,"Upstream2"
2018-04-02,10.44,"Upstream2"
2018-04-03,10.0433,"Upstream2"
2018-04-04,9.81667,"Upstream2"
2018-04-05,9.39,"Upstream2"
2018-04-06,9.03667,"Upstream2"
2018-04-07,8.51333,"Upstream2"
2018-04-08,7.78333,"Upstream2"
2018-04-09,5.83,"Upstream2"
2018-04-10,7.93,"Upstream2"
2018-04-11,9.62,"Upstream2"
2018-04-12,9.40333,"Upstream2"
2018-04-13,8.58667,"Upstream2"
2018-04-14,8.85,"Upstream2"
2018-04-15,8.87,"Upstream2"
2018-04-16,8.84,"Upstream2"
2018-05-08,8.61333,"Upstream2"
2018-05-09,8.23,"Upstream2"
2018-05-10,7.90667,"Upstream2"
2018-05-11,7.88,"Upstream2"
2018-05-12,7.77667,"Upstream2"
2018-05-13,7.74,"Upstream2"
2018-05-14,7.70333,"Upstream2"
2018-05-15,7.70667,"Upstream2"
2018-05-16,7.75,"Upstream2"
2018-05-17,6.65667,"Upstream2"
2018-05-18,7.28667,"Upstream2"
2018-05-19,7.21333,"Upstream2"
2018-05-20,7.38,"Upstream2"
2018-05-21,8.25667,"Upstream2"
2018-05-22,7.96667,"Upstream2"
2018-05-23,7.91,"Upstream2"
2018-05-24,7.72333,"Upstream2"
2018-05-25,6.96667,"Upstream2"
2018-05-26,6.83333,"Upstream2"
2018-05-27,6.72333,"Upstream2"
2018-05-28,6.69,"Upstream2"
2018-05-29,6.46,"Upstream2"
2018-05-30,5.88333,"Upstream2"
2018-05-31,7.03,"Upstream2"
2018-06-01,6.82,"Upstream2"
2018-06-02,6.65333,"Upstream2"
2018-06-03,6.61333,"Upstream2"
2018-06-04,6.54,"Upstream2"
2018-06-05,6.37333,"Upstream2"
2018-06-06,5.66333,"Upstream2"
2018-06-07,5.86,"Upstream2"
2018-06-08,6.47,"Upstream2"
2018-06-09,6.28333,"Upstream2"
2018-06-10,5.96333,"Upstream2"
2018-06-11,5.87667,"Upstream2"
2018-06-12,6.21,"Upstream2"
2018-06-13,5.91,"Upstream2"
2018-06-14,5.73667,"Upstream2"
2018-06-15,5.76333,"Upstream2"
2018-06-16,6.11333,"Upstream2"
2018-06-17,6.13,"Upstream2"
2018-06-18,6.28,"Upstream2"
2018-06-19,6.06333,"Upstream2"
2018-06-20,5.91333,"Upstream2"
2018-06-21,5.77333,"Upstream2"
2018-06-22,5.69333,"Upstream2"
2018-06-23,5.38333,"Upstream2"
2018-06-24,5.31667,"Upstream2"
2018-06-25,5.03333,"Upstream2"
2018-06-26,5.27667,"Upstream2"
2018-06-27,5.12333,"Upstream2"
2018-06-28,5.20667,"Upstream2"
2018-06-29,5.98667,"Upstream2"
2018-06-30,5.86333,"Upstream2"
2018-07-01,5.69,"Upstream2"
2018-07-02,5.51667,"Upstream2"
2018-07-03,5.67667,"Upstream2"
2018-07-04,5.41333,"Upstream2"
2018-07-05,5.01,"Upstream2"
2018-07-06,4.73,"Upstream2"
2018-07-07,4.96667,"Upstream2"
2018-07-08,4.57333,"Upstream2"
2018-07-09,4.14,"Upstream2"
2018-07-10,4.17667,"Upstream2"
2018-07-11,6.22667,"Upstream2"
2018-07-12,5.95,"Upstream2"
2018-07-13,6.10333,"Upstream2"
2018-07-14,5.68333,"Upstream2"
2018-07-15,5.53,"Upstream2"
2018-07-16,4.93333,"Upstream2"
2018-07-17,4.42,"Upstream2"
2018-07-18,4.72333,"Upstream2"
2018-07-19,4.23,"Upstream2"
2018-07-20,4.15333,"Upstream2"
2018-07-21,5.34333,"Upstream2"
2018-07-22,4.56,"Upstream2"
2018-07-23,3.87667,"Upstream2"
2018-07-24,3.31333,"Upstream2"
2018-07-25,3.80333,"Upstream2"
2018-07-26,2.93333,"Upstream2"
2018-07-27,1.31333,"Upstream2"
2018-07-28,0.93,"Upstream2"
2018-07-29,3.03,"Upstream2"
2018-07-30,6.06,"Upstream2"
2018-07-31,5.03333,"Upstream2"
2018-08-01,4.65,"Upstream2"
2018-08-02,5.50333,"Upstream2"
2018-08-03,4.90667,"Upstream2"
2018-08-04,6.18667,"Upstream2"
2018-08-05,5.64,"Upstream2"
2018-08-06,5.12,"Upstream2"
2018-08-07,4.96333,"Upstream2"
2018-08-08,4.72333,"Upstream2"
2018-08-09,4.42,"Upstream2"
2018-08-10,4.58667,"Upstream2"
2018-08-11,5.85667,"Upstream2"
2018-08-12,5.80667,"Upstream2"
2018-08-13,6.06,"Upstream2"
2018-08-14,5.88,"Upstream2"
2018-08-15,5.39,"Upstream2"
2018-08-16,5.17667,"Upstream2"
2018-08-17,4.96333,"Upstream2"
2018-08-18,5.63,"Upstream2"
2018-08-19,4.48333,"Upstream2"
2018-08-20,5.32333,"Upstream2"
2018-08-21,5.23667,"Upstream2"
2018-08-22,3.94667,"Upstream2"
2018-08-23,3.80333,"Upstream2"
2018-08-24,5.44667,"Upstream2"
2018-08-25,6.60667,"Upstream2"
2018-08-26,6.49,"Upstream2"
2018-08-27,6.21667,"Upstream2"
2018-08-28,5.63667,"Upstream2"
2018-08-29,5.67667,"Upstream2"
2018-08-30,5.50667,"Upstream2"
2018-08-31,5.77,"Upstream2"
2018-09-01,5.54333,"Upstream2"
2018-09-02,5.61333,"Upstream2"
2018-09-03,5.39333,"Upstream2"
2018-09-04,4.74,"Upstream2"
2018-09-05,5.16333,"Upstream2"
2018-09-06,6.05,"Upstream2"
2018-09-07,5.98,"Upstream2"
2018-09-08,5.87333,"Upstream2"
2018-09-09,5.69333,"Upstream2"
2018-09-10,5.79667,"Upstream2"
2018-09-11,5.32333,"Upstream2"
2018-09-12,4.53333,"Upstream2"
2018-09-13,4.19333,"Upstream2"
2018-09-14,3.07333,"Upstream2"
2018-09-15,5.13,"Upstream2"
2018-09-16,5.42,"Upstream2"
2018-09-17,5.62667,"Upstream2"
2018-09-18,5.00667,"Upstream2"
2018-09-19,4.98333,"Upstream2"
2018-09-20,1.28333,"Upstream2"
2018-09-21,0.7,"Upstream2"
2018-09-22,4.14667,"Upstream2"
2018-09-23,2.17,"Upstream2"
2018-09-24,3.28667,"Upstream2"
2018-09-25,4.33667,"Upstream2"
2018-09-26,5.31667,"Upstream2"
2018-09-27,6.15,"Upstream2"
2018-09-28,6.47333,"Upstream2"
2018-09-29,6.72667,"Upstream2"
2018-09-30,7.01667,"Upstream2"
2018-10-01,6.86,"Upstream2"
2018-10-02,6.93667,"Upstream2"
2018-10-03,6.81667,"Upstream2"
2018-10-04,6.73,"Upstream2"
2018-10-05,5.48333,"Upstream2"
2018-10-06,5.64333,"Upstream2"
2018-10-07,6.57333,"Upstream2"
2018-10-08,6.29667,"Upstream2"
2018-10-09,4.47333,"Upstream2"
2018-10-10,2.77,"Upstream2"
2018-10-11,2.84333,"Upstream2"
2018-10-12,5.44667,"Upstream2"
2018-10-13,6.17667,"Upstream2"
2018-10-14,6.85333,"Upstream2"
2018-10-15,6.91,"Upstream2"
2018-10-16,7.63333,"Upstream2"
2018-10-17,7.65,"Upstream2"
2018-10-18,7.88333,"Upstream2"
2018-10-19,6.94667,"Upstream2"
2018-10-20,7.01667,"Upstream2"
2018-10-21,7.76,"Upstream2"
2018-10-22,7.99667,"Upstream2"
2018-10-23,7.62333,"Upstream2"
2018-10-24,7.33,"Upstream2"
2018-10-25,7.69667,"Upstream2"
2018-10-26,7.97667,"Upstream2"
2018-10-27,7.72333,"Upstream2"
2018-10-28,7.4,"Upstream2"
2018-10-29,7.82667,"Upstream2"
2018-10-30,9.15667,"Upstream2"
2018-10-31,8.9,"Upstream2"
2018-11-01,8.62333,"Upstream2"
2018-11-02,8.36333,"Upstream2"
2018-11-03,7.67667,"Upstream2"
2018-11-04,8.31333,"Upstream2"
2018-11-05,8.3,"Upstream2"
2018-11-06,8.04,"Upstream2"
2018-11-07,8.84,"Upstream2"
NA,NA,"Upstream2"
2013-12-14,11.16,"Impoundment1"
2013-12-15,10.6033,"Impoundment1"
2013-12-16,10.4067,"Impoundment1"
2013-12-17,10.6933,"Impoundment1"
2013-12-18,10.5067,"Impoundment1"
2013-12-19,10.86,"Impoundment1"
2013-12-20,10.8567,"Impoundment1"
2013-12-21,10.1567,"Impoundment1"
2013-12-22,9.25333,"Impoundment1"
2013-12-23,8.54,"Impoundment1"
2013-12-24,8.48,"Impoundment1"
2013-12-25,9.50667,"Impoundment1"
2013-12-26,10.92,"Impoundment1"
2013-12-27,10.85,"Impoundment1"
2013-12-28,10.9833,"Impoundment1"
2013-12-29,9.47,"Impoundment1"
2013-12-30,0,"Impoundment1"
2013-12-31,0.01,"Impoundment1"
2014-01-01,0.166667,"Impoundment1"
2014-01-02,11.2,"Impoundment1"
2014-01-03,9.69,"Impoundment1"
2014-01-04,10.17,"Impoundment1"
2014-01-05,5.41667,"Impoundment1"
2014-01-06,5.21333,"Impoundment1"
2014-01-07,0.206667,"Impoundment1"
2014-01-26,12.27,"Impoundment1"
2014-01-27,11.7733,"Impoundment1"
2014-01-28,11.4433,"Impoundment1"
2014-01-29,12.36,"Impoundment1"
2014-01-30,12.6833,"Impoundment1"
2014-01-31,12.6233,"Impoundment1"
2014-02-01,12.2767,"Impoundment1"
2014-02-02,11.75,"Impoundment1"
2014-02-03,11.0833,"Impoundment1"
2014-02-04,11.1033,"Impoundment1"
2014-02-05,11.4667,"Impoundment1"
2014-02-06,11.59,"Impoundment1"
2014-02-07,11.8633,"Impoundment1"
2014-02-08,11.16,"Impoundment1"
2014-02-09,11.4533,"Impoundment1"
2014-02-10,11.6167,"Impoundment1"
2014-02-11,12.08,"Impoundment1"
2014-02-12,12.3667,"Impoundment1"
2014-02-13,12.52,"Impoundment1"
2014-02-14,11.76,"Impoundment1"
2014-02-15,11.77,"Impoundment1"
2014-02-16,10.9167,"Impoundment1"
2014-02-17,11.2233,"Impoundment1"
2014-02-18,12.42,"Impoundment1"
2014-02-19,12.89,"Impoundment1"
2014-02-20,10.76,"Impoundment1"
2014-02-21,0.51,"Impoundment1"
2014-02-22,0,"Impoundment1"
2014-02-25,0.00666667,"Impoundment1"
2014-02-27,0.0166667,"Impoundment1"
2014-02-28,0.01,"Impoundment1"
2014-03-11,0.166667,"Impoundment1"
2014-03-12,0.02,"Impoundment1"
2014-03-13,0.0233333,"Impoundment1"
2014-03-15,0.213333,"Impoundment1"
2014-03-16,0.896667,"Impoundment1"
2014-03-17,0.69,"Impoundment1"
2014-03-18,1.26333,"Impoundment1"
2014-03-19,0.00666667,"Impoundment1"
2014-03-20,0.00666667,"Impoundment1"
2014-06-03,8.45,"Impoundment1"
2014-06-04,9.54667,"Impoundment1"
2014-06-05,9.15333,"Impoundment1"
2014-06-06,8.49,"Impoundment1"
2014-06-07,8.59333,"Impoundment1"
2014-06-08,8.58333,"Impoundment1"
2014-06-09,8.57667,"Impoundment1"
2014-06-10,5.87333,"Impoundment1"
2014-06-11,4.99667,"Impoundment1"
2014-06-12,5.64,"Impoundment1"
2014-06-13,5.72,"Impoundment1"
2014-06-14,5.95333,"Impoundment1"
2014-06-15,5.96667,"Impoundment1"
2014-06-16,5.52,"Impoundment1"
2014-06-17,5.53333,"Impoundment1"
2014-06-18,5.36333,"Impoundment1"
2014-06-19,5.82,"Impoundment1"
2014-06-20,5.75,"Impoundment1"
2014-06-21,5.51333,"Impoundment1"
2014-06-22,5.41667,"Impoundment1"
2014-06-23,5.73,"Impoundment1"
2014-06-24,5.38667,"Impoundment1"
2014-06-25,5.60333,"Impoundment1"
2014-06-26,4.46,"Impoundment1"
2014-06-27,5.7,"Impoundment1"
2014-06-28,5.83667,"Impoundment1"
2014-06-29,5.43333,"Impoundment1"
2014-06-30,4.85,"Impoundment1"
2014-07-01,3.58,"Impoundment1"
2014-07-02,2.35333,"Impoundment1"
2014-07-03,5.59,"Impoundment1"
2014-07-04,5.68,"Impoundment1"
2014-07-05,5.78667,"Impoundment1"
2014-07-06,5.83,"Impoundment1"
2014-07-07,4.25,"Impoundment1"
2014-07-08,1.45,"Impoundment1"
2014-07-09,1.52333,"Impoundment1"
2014-07-10,5.03667,"Impoundment1"
2014-07-11,4.81667,"Impoundment1"
2014-07-12,4.73667,"Impoundment1"
2014-07-13,3.68667,"Impoundment1"
2014-07-14,2.33,"Impoundment1"
2014-07-15,0.826667,"Impoundment1"
2014-07-16,0,"Impoundment1"
2014-07-17,0,"Impoundment1"
2014-07-18,6.95667,"Impoundment1"
2014-07-19,6.15667,"Impoundment1"
2014-07-20,6.11333,"Impoundment1"
2014-07-21,6.04333,"Impoundment1"
2014-07-22,6.07667,"Impoundment1"
2014-07-23,5.94,"Impoundment1"
2014-07-24,5.13333,"Impoundment1"
2014-07-25,3.95667,"Impoundment1"
2014-07-26,1.43,"Impoundment1"
2014-07-27,1.31667,"Impoundment1"
2014-07-28,6.01333,"Impoundment1"
2014-07-29,5.87333,"Impoundment1"
2014-07-30,5.87333,"Impoundment1"
2014-07-31,5.18,"Impoundment1"
2014-08-01,4.54333,"Impoundment1"
2014-08-02,4.22333,"Impoundment1"
2014-08-03,4.63667,"Impoundment1"
2014-08-04,5.49667,"Impoundment1"
2014-08-05,4.77667,"Impoundment1"
2014-08-06,2.41,"Impoundment1"
2014-08-07,6.17333,"Impoundment1"
2014-08-08,6.21333,"Impoundment1"
2014-08-09,6.35333,"Impoundment1"
2014-08-10,6.68333,"Impoundment1"
2014-08-11,6.29,"Impoundment1"
2014-08-12,5.82667,"Impoundment1"
2014-08-13,6.17333,"Impoundment1"
2014-08-14,6.47333,"Impoundment1"
2014-08-15,4.08333,"Impoundment1"
2014-08-16,1.73333,"Impoundment1"
2014-08-17,2.98667,"Impoundment1"
2014-08-18,2.72,"Impoundment1"
2014-08-20,6.37,"Impoundment1"
2014-08-21,5.97333,"Impoundment1"
2014-08-22,5.59667,"Impoundment1"
2014-08-23,5.43667,"Impoundment1"
2014-08-24,5.74333,"Impoundment1"
2014-08-25,6.09667,"Impoundment1"
2014-08-26,6.24333,"Impoundment1"
2014-08-27,6.39667,"Impoundment1"
2014-08-28,6.17333,"Impoundment1"
2014-08-29,5.76667,"Impoundment1"
2014-08-30,5.45,"Impoundment1"
2014-08-31,3.15667,"Impoundment1"
2014-09-01,1.38667,"Impoundment1"
2014-09-02,0.846667,"Impoundment1"
2014-09-03,0.81,"Impoundment1"
2014-09-04,0.26,"Impoundment1"
2014-09-05,2.52667,"Impoundment1"
2014-09-06,0.87,"Impoundment1"
2014-09-07,0.306667,"Impoundment1"
2014-09-08,0.396667,"Impoundment1"
2014-09-09,0,"Impoundment1"
2014-09-12,6.055,"Impoundment1"
2014-09-13,5.95333,"Impoundment1"
2014-09-14,1.56333,"Impoundment1"
2014-09-15,1.38667,"Impoundment1"
2014-09-16,0.603333,"Impoundment1"
2014-09-17,0.0733333,"Impoundment1"
2014-09-18,0,"Impoundment1"
2014-09-19,6.56,"Impoundment1"
2014-09-20,6.68667,"Impoundment1"
2014-09-21,6.52,"Impoundment1"
2014-09-22,6.28333,"Impoundment1"
2014-09-23,6.61667,"Impoundment1"
2014-09-24,7.4,"Impoundment1"
2014-09-25,7.79,"Impoundment1"
2014-09-26,7.44,"Impoundment1"
2014-09-27,7.31333,"Impoundment1"
2014-09-28,7.20333,"Impoundment1"
2014-09-29,7.02667,"Impoundment1"
2014-09-30,7.22,"Impoundment1"
2014-10-01,7.29333,"Impoundment1"
2014-10-02,7.20333,"Impoundment1"
2014-10-03,6.98,"Impoundment1"
2014-10-04,6.7,"Impoundment1"
2014-10-05,6.88,"Impoundment1"
2014-10-06,7.63,"Impoundment1"
2014-10-07,7.32333,"Impoundment1"
2014-10-08,7.36333,"Impoundment1"
2014-10-09,7.22667,"Impoundment1"
2014-10-10,7.34,"Impoundment1"
2014-10-11,6.77,"Impoundment1"
2014-10-12,6.72667,"Impoundment1"
2014-10-13,7.17667,"Impoundment1"
2014-10-14,7.10333,"Impoundment1"
2014-10-15,6.66667,"Impoundment1"
2014-10-16,7.20667,"Impoundment1"
2014-10-17,7.41,"Impoundment1"
2014-10-18,7.45333,"Impoundment1"
2014-10-19,7.39333,"Impoundment1"
2014-10-20,7.79,"Impoundment1"
2014-10-21,7.47667,"Impoundment1"
2014-10-22,7.81,"Impoundment1"
2014-10-23,8.04667,"Impoundment1"
2014-10-24,8.05333,"Impoundment1"
2014-10-25,7.97667,"Impoundment1"
2014-10-26,7.95,"Impoundment1"
2014-10-27,7.81333,"Impoundment1"
2014-10-28,7.91667,"Impoundment1"
2014-10-29,7.79667,"Impoundment1"
2014-10-30,7.48333,"Impoundment1"
2014-10-31,7.79667,"Impoundment1"
2014-11-01,8.00667,"Impoundment1"
2014-11-02,8.30667,"Impoundment1"
2014-11-03,8.88667,"Impoundment1"
2014-11-04,8.72,"Impoundment1"
2014-11-05,8.67333,"Impoundment1"
2014-11-06,8.18333,"Impoundment1"
2014-11-07,7.86,"Impoundment1"
2014-11-08,8.37,"Impoundment1"
2014-11-09,8.80333,"Impoundment1"
2014-11-10,8.83667,"Impoundment1"
2014-11-11,8.74,"Impoundment1"
2014-11-12,8.18333,"Impoundment1"
2014-11-13,8.04,"Impoundment1"
2014-11-14,8.67667,"Impoundment1"
2014-11-15,9.60667,"Impoundment1"
2014-11-16,10.2567,"Impoundment1"
2014-11-17,9.52333,"Impoundment1"
2014-11-18,8.43667,"Impoundment1"
2014-11-19,9.24,"Impoundment1"
2014-11-20,10.63,"Impoundment1"
2014-11-21,10.2833,"Impoundment1"
2014-11-22,11.1167,"Impoundment1"
2014-11-23,10.9633,"Impoundment1"
2014-11-24,8.63333,"Impoundment1"
2014-11-25,7.98667,"Impoundment1"
2014-11-26,8.31667,"Impoundment1"
2014-11-27,9.64,"Impoundment1"
2014-11-28,10,"Impoundment1"
2014-11-29,10.7133,"Impoundment1"
2014-11-30,10.68,"Impoundment1"
2014-12-01,9.94,"Impoundment1"
2014-12-02,10.2133,"Impoundment1"
2014-12-03,10.5,"Impoundment1"
2014-12-04,10.4533,"Impoundment1"
2014-12-05,10.9867,"Impoundment1"
2014-12-06,10.4233,"Impoundment1"
2014-12-07,10.3433,"Impoundment1"
2014-12-08,10.79,"Impoundment1"
2014-12-09,10.5633,"Impoundment1"
2014-12-10,10.6967,"Impoundment1"
2014-12-11,10.7567,"Impoundment1"
2014-12-12,11.0833,"Impoundment1"
2014-12-13,11.1233,"Impoundment1"
2014-12-14,10.9767,"Impoundment1"
2014-12-15,10.93,"Impoundment1"
2014-12-16,11.06,"Impoundment1"
2014-12-17,10.98,"Impoundment1"
2014-12-18,11.0333,"Impoundment1"
2014-12-19,11.1267,"Impoundment1"
2014-12-20,11.19,"Impoundment1"
2014-12-21,11.27,"Impoundment1"
2014-12-22,11.2533,"Impoundment1"
2014-12-23,11.24,"Impoundment1"
2014-12-24,10.6167,"Impoundment1"
2014-12-25,10.21,"Impoundment1"
2014-12-26,10.6733,"Impoundment1"
2014-12-27,11.1067,"Impoundment1"
2014-12-28,10.9833,"Impoundment1"
2014-12-29,10.7367,"Impoundment1"
2014-12-30,10.7367,"Impoundment1"
2014-12-31,11.99,"Impoundment1"
2015-01-01,12.2067,"Impoundment1"
2015-01-02,12.18,"Impoundment1"
2015-02-09,8.70333,"Impoundment1"
2015-02-10,11.3367,"Impoundment1"
2015-02-11,12.0067,"Impoundment1"
2015-02-12,12.84,"Impoundment1"
2015-02-13,12.7233,"Impoundment1"
2015-02-14,12.7533,"Impoundment1"
2015-02-15,12.56,"Impoundment1"
2015-02-16,13.09,"Impoundment1"
2015-02-17,13.1233,"Impoundment1"
2015-02-18,13.1133,"Impoundment1"
2015-02-19,12.9033,"Impoundment1"
2015-02-20,13.4233,"Impoundment1"
2015-02-21,13.5867,"Impoundment1"
2015-02-22,13.19,"Impoundment1"
2015-02-23,12.8067,"Impoundment1"
2015-02-24,13.1067,"Impoundment1"
2015-02-25,13.3467,"Impoundment1"
2015-02-26,13.23,"Impoundment1"
2015-02-27,13.53,"Impoundment1"
2015-02-28,13.6533,"Impoundment1"
2015-03-01,13.9667,"Impoundment1"
2015-03-02,13.7167,"Impoundment1"
2015-03-03,13.7967,"Impoundment1"
2015-03-04,14.14,"Impoundment1"
2015-03-05,13.4533,"Impoundment1"
2015-03-06,13.2367,"Impoundment1"
2015-03-07,13.9367,"Impoundment1"
2015-03-08,13.9367,"Impoundment1"
2015-03-09,13.7633,"Impoundment1"
2015-03-10,13.7,"Impoundment1"
2015-03-11,12.1267,"Impoundment1"
2015-03-12,12.1467,"Impoundment1"
2015-03-13,12.5533,"Impoundment1"
2015-03-14,11.9833,"Impoundment1"
2015-03-15,11.52,"Impoundment1"
2015-03-16,11.4867,"Impoundment1"
2015-03-17,11.56,"Impoundment1"
2015-03-18,11.1333,"Impoundment1"
2015-03-19,10.7633,"Impoundment1"
2015-03-20,10.9933,"Impoundment1"
2015-03-21,10.8867,"Impoundment1"
2015-03-22,10.3733,"Impoundment1"
2015-03-23,10.5267,"Impoundment1"
2015-03-24,11.4567,"Impoundment1"
2015-03-25,11.5733,"Impoundment1"
2015-03-26,10.86,"Impoundment1"
2015-03-27,10.94,"Impoundment1"
2015-03-28,10.9667,"Impoundment1"
2015-03-29,11.0167,"Impoundment1"
2015-03-30,11.1933,"Impoundment1"
2015-03-31,10.6767,"Impoundment1"
2015-04-01,10.5167,"Impoundment1"
2015-04-02,10.5467,"Impoundment1"
2015-04-03,9.4,"Impoundment1"
2015-04-04,8.67,"Impoundment1"
2015-04-05,9.13,"Impoundment1"
2015-04-06,9.13,"Impoundment1"
2015-04-07,8.69,"Impoundment1"
2015-04-08,8.62333,"Impoundment1"
2015-04-09,7.42333,"Impoundment1"
2015-04-10,7.33667,"Impoundment1"
2015-04-11,9.29333,"Impoundment1"
2015-04-12,9.58333,"Impoundment1"
2015-04-13,9.89333,"Impoundment1"
2015-04-14,9.45,"Impoundment1"
2015-04-15,7.37333,"Impoundment1"
2015-04-16,9.23,"Impoundment1"
2015-04-17,9.37333,"Impoundment1"
2015-04-18,8.98333,"Impoundment1"
2015-04-19,8.74667,"Impoundment1"
2015-04-20,7.67333,"Impoundment1"
2015-04-21,7.92,"Impoundment1"
2015-04-22,9.25,"Impoundment1"
2015-04-23,9.48,"Impoundment1"
2015-04-24,9.35,"Impoundment1"
2015-04-25,8.82667,"Impoundment1"
2015-04-26,8.95333,"Impoundment1"
2015-04-27,8.81,"Impoundment1"
2015-04-28,8.41333,"Impoundment1"
2015-04-29,8.36,"Impoundment1"
2015-04-30,8.28,"Impoundment1"
2015-05-01,8.16667,"Impoundment1"
2015-05-02,8.52333,"Impoundment1"
2015-05-03,8.24,"Impoundment1"
2015-05-04,7.98333,"Impoundment1"
2015-05-05,8.18667,"Impoundment1"
2015-05-06,8.24333,"Impoundment1"
2015-05-07,8.07667,"Impoundment1"
2015-05-08,7.72667,"Impoundment1"
2015-05-09,7.2,"Impoundment1"
2015-05-10,6.76667,"Impoundment1"
2015-05-11,7.13667,"Impoundment1"
2015-05-12,7.03667,"Impoundment1"
2015-05-13,6.83,"Impoundment1"
2015-05-14,7.02,"Impoundment1"
2015-05-15,7.02,"Impoundment1"
2015-05-16,6.69,"Impoundment1"
2015-05-17,6.37333,"Impoundment1"
2015-05-18,5.85333,"Impoundment1"
2015-05-19,5.38667,"Impoundment1"
2015-05-20,4.75,"Impoundment1"
2015-05-21,4.74667,"Impoundment1"
2015-05-22,5.50333,"Impoundment1"
2015-05-23,5.63333,"Impoundment1"
2015-05-24,5.28667,"Impoundment1"
2015-05-25,5.10333,"Impoundment1"
2015-05-26,4.8,"Impoundment1"
2015-05-27,4.67333,"Impoundment1"
2015-05-28,6.08,"Impoundment1"
2015-05-29,6.29667,"Impoundment1"
2015-05-30,6.26333,"Impoundment1"
2015-05-31,6.18333,"Impoundment1"
2015-06-01,5.93667,"Impoundment1"
2015-06-02,5.61667,"Impoundment1"
2015-06-03,6.42333,"Impoundment1"
2015-06-04,6.79,"Impoundment1"
2015-06-05,6.99,"Impoundment1"
2015-06-06,6.90333,"Impoundment1"
2015-06-07,6.37,"Impoundment1"
2015-06-08,6.11667,"Impoundment1"
2015-06-09,6.24333,"Impoundment1"
2015-06-10,6.30667,"Impoundment1"
2015-06-11,5.74,"Impoundment1"
2015-06-12,5.65333,"Impoundment1"
2015-06-13,5.61333,"Impoundment1"
2015-06-14,5.08,"Impoundment1"
2015-06-15,5.03667,"Impoundment1"
2015-06-16,4.88,"Impoundment1"
2015-06-17,5.38333,"Impoundment1"
2015-06-18,5.11667,"Impoundment1"
2015-06-19,5.42,"Impoundment1"
2015-06-20,5.52,"Impoundment1"
2015-06-21,5.27,"Impoundment1"
2015-06-22,4.98667,"Impoundment1"
2015-06-23,4.76667,"Impoundment1"
2015-06-24,5.32,"Impoundment1"
2015-06-25,5.4,"Impoundment1"
2015-06-26,5.33,"Impoundment1"
2015-06-27,5.52333,"Impoundment1"
2015-06-28,5.57667,"Impoundment1"
2015-06-29,4.50333,"Impoundment1"
2015-06-30,5.21333,"Impoundment1"
2015-07-01,4.90333,"Impoundment1"
2017-09-19,6.75667,"Impoundment1"
2017-09-20,6.27,"Impoundment1"
2017-09-22,6.27667,"Impoundment1"
2017-09-23,6.17667,"Impoundment1"
2017-09-24,5.96667,"Impoundment1"
2017-09-25,5.74,"Impoundment1"
2017-09-26,6.06,"Impoundment1"
2017-09-27,5.88,"Impoundment1"
2017-09-28,4.69667,"Impoundment1"
2017-09-29,4.25,"Impoundment1"
2017-09-30,4.76667,"Impoundment1"
2017-10-01,5.89667,"Impoundment1"
2017-10-02,6,"Impoundment1"
2017-10-03,6.33,"Impoundment1"
2017-10-04,7.20667,"Impoundment1"
2017-10-05,7,"Impoundment1"
2017-10-06,6.86333,"Impoundment1"
2017-10-07,6.71333,"Impoundment1"
2017-10-08,6.40333,"Impoundment1"
2017-10-09,6.01667,"Impoundment1"
2017-10-10,5.72667,"Impoundment1"
2017-10-11,4.31667,"Impoundment1"
2017-10-12,4.12,"Impoundment1"
2017-10-13,6.35333,"Impoundment1"
2017-10-14,6.80333,"Impoundment1"
2017-10-15,6.77333,"Impoundment1"
2017-10-16,6.53333,"Impoundment1"
2017-10-17,6.95333,"Impoundment1"
2017-10-18,7.92333,"Impoundment1"
2017-10-19,8,"Impoundment1"
2017-10-20,7.78,"Impoundment1"
2017-10-21,7.65,"Impoundment1"
2017-10-22,7.32333,"Impoundment1"
2017-10-23,6.71333,"Impoundment1"
2017-10-24,5.19333,"Impoundment1"
2017-10-25,6.90667,"Impoundment1"
2017-10-26,7.74,"Impoundment1"
2017-10-27,8.02667,"Impoundment1"
2017-10-28,7.32333,"Impoundment1"
2017-10-29,7.13,"Impoundment1"
2017-10-30,7.17333,"Impoundment1"
2017-10-31,7.12333,"Impoundment1"
2017-11-01,6.75,"Impoundment1"
2017-11-02,6.21667,"Impoundment1"
2017-11-03,8.01333,"Impoundment1"
2017-11-04,7.68,"Impoundment1"
2017-11-05,7.75667,"Impoundment1"
2017-11-06,7.51333,"Impoundment1"
2017-11-07,6.44,"Impoundment1"
2017-11-08,5.6,"Impoundment1"
2017-11-09,7.88,"Impoundment1"
2017-11-10,7.40667,"Impoundment1"
2017-11-11,8.03667,"Impoundment1"
2017-11-12,9.16333,"Impoundment1"
2017-11-13,5.62667,"Impoundment1"
2017-11-14,2.37333,"Impoundment1"
2017-11-15,2.35667,"Impoundment1"
2017-11-16,2.34,"Impoundment1"
2017-11-17,1.88667,"Impoundment1"
2017-11-18,9.95667,"Impoundment1"
2017-11-19,9.14667,"Impoundment1"
2017-11-20,9.31,"Impoundment1"
2017-11-21,10.09,"Impoundment1"
2017-11-22,9.63333,"Impoundment1"
2017-11-23,9.23333,"Impoundment1"
2017-11-24,10.11,"Impoundment1"
2017-11-25,10.24,"Impoundment1"
2017-11-26,10.0933,"Impoundment1"
2017-11-27,10.0733,"Impoundment1"
2017-11-28,10.4467,"Impoundment1"
2017-11-29,10.2767,"Impoundment1"
2017-11-30,9.99,"Impoundment1"
2017-12-01,9.56667,"Impoundment1"
2017-12-02,9.26667,"Impoundment1"
2017-12-03,8.68333,"Impoundment1"
2017-12-04,7.7,"Impoundment1"
2017-12-05,8.58667,"Impoundment1"
2017-12-06,9.14667,"Impoundment1"
2017-12-07,8.99667,"Impoundment1"
2017-12-08,9.84667,"Impoundment1"
2017-12-09,10.4333,"Impoundment1"
2017-12-10,10.97,"Impoundment1"
2017-12-11,11.29,"Impoundment1"
2017-12-12,11.2,"Impoundment1"
2017-12-13,10.4267,"Impoundment1"
2017-12-14,11.4267,"Impoundment1"
2017-12-15,11.32,"Impoundment1"
2017-12-16,11.2133,"Impoundment1"
2017-12-17,11.1733,"Impoundment1"
2017-12-18,10.4967,"Impoundment1"
2017-12-19,10.0633,"Impoundment1"
2017-12-20,8.78667,"Impoundment1"
2017-12-21,9.25667,"Impoundment1"
2017-12-22,9.32333,"Impoundment1"
2017-12-23,8.48,"Impoundment1"
2017-12-24,7.46667,"Impoundment1"
2017-12-25,7.58667,"Impoundment1"
2017-12-26,10.06,"Impoundment1"
2017-12-27,10.15,"Impoundment1"
2017-12-28,11.1433,"Impoundment1"
2017-12-29,11.6533,"Impoundment1"
2017-12-30,11.5667,"Impoundment1"
2017-12-31,11.16,"Impoundment1"
2018-01-01,11.2867,"Impoundment1"
2018-01-02,12.1733,"Impoundment1"
2018-01-03,12.8,"Impoundment1"
2018-01-04,11.6533,"Impoundment1"
2018-01-05,12.23,"Impoundment1"
2018-01-06,12.8,"Impoundment1"
2018-01-07,8.35333,"Impoundment1"
2018-01-08,12.8433,"Impoundment1"
2018-01-09,12.14,"Impoundment1"
2018-01-10,11.1633,"Impoundment1"
2018-01-11,11.7167,"Impoundment1"
2018-01-12,10.03,"Impoundment1"
2018-01-13,8.64,"Impoundment1"
2018-01-14,9.6,"Impoundment1"
2018-01-15,12.0933,"Impoundment1"
2018-01-16,12.7333,"Impoundment1"
2018-01-17,12.38,"Impoundment1"
2018-01-18,12.5067,"Impoundment1"
2018-01-19,12.77,"Impoundment1"
2018-01-20,12.1767,"Impoundment1"
2018-01-21,12.1533,"Impoundment1"
2018-01-22,11.3567,"Impoundment1"
2018-01-23,6.87333,"Impoundment1"
2018-01-24,5.11667,"Impoundment1"
2018-01-25,3.98667,"Impoundment1"
2018-01-26,5.89,"Impoundment1"
2018-01-27,4.45667,"Impoundment1"
2018-01-28,0.583333,"Impoundment1"
2018-01-29,2.82333,"Impoundment1"
2018-01-30,10.2467,"Impoundment1"
2018-01-31,11.32,"Impoundment1"
2018-02-01,11.9133,"Impoundment1"
2018-02-02,11.0267,"Impoundment1"
2018-02-03,11.3267,"Impoundment1"
2018-02-04,11.8033,"Impoundment1"
2018-02-05,11.0533,"Impoundment1"
2018-02-06,11.2967,"Impoundment1"
2018-02-07,10.9533,"Impoundment1"
2018-02-08,10.29,"Impoundment1"
2018-02-09,10.7367,"Impoundment1"
2018-02-10,10.9833,"Impoundment1"
2018-02-11,9.78,"Impoundment1"
2018-02-12,8.66333,"Impoundment1"
2018-02-13,8.77,"Impoundment1"
2018-02-14,9.95,"Impoundment1"
2018-02-15,8.63,"Impoundment1"
2018-02-16,7.18333,"Impoundment1"
2018-02-17,6.23,"Impoundment1"
2018-02-18,8.76333,"Impoundment1"
2018-02-19,8.39333,"Impoundment1"
2018-02-20,8.79667,"Impoundment1"
2018-02-21,8.86,"Impoundment1"
2018-02-22,7.97667,"Impoundment1"
2018-02-23,7.3,"Impoundment1"
2018-02-24,3.69333,"Impoundment1"
2018-02-25,0.0766667,"Impoundment1"
2018-02-26,4.12333,"Impoundment1"
2018-02-27,4.00667,"Impoundment1"
2018-02-28,3.20333,"Impoundment1"
2018-03-01,4.43333,"Impoundment1"
2018-03-02,8.75333,"Impoundment1"
2018-03-03,8.64667,"Impoundment1"
2018-03-04,8.66667,"Impoundment1"
2018-03-05,7.59,"Impoundment1"
2018-03-06,8.14667,"Impoundment1"
2018-03-07,9.41333,"Impoundment1"
2018-03-08,5.51,"Impoundment1"
2018-03-09,7.47667,"Impoundment1"
2018-03-10,6.33333,"Impoundment1"
2018-03-11,5.68667,"Impoundment1"
2018-03-12,1.65,"Impoundment1"
2018-03-13,11.02,"Impoundment1"
2018-03-14,10.56,"Impoundment1"
2018-03-15,10.7467,"Impoundment1"
2018-03-16,10.1867,"Impoundment1"
2018-03-17,9.83333,"Impoundment1"
2018-03-18,7.69667,"Impoundment1"
2018-03-19,7.42333,"Impoundment1"
2018-03-20,8.82667,"Impoundment1"
2018-03-21,9.32333,"Impoundment1"
2018-03-22,10.2867,"Impoundment1"
2018-03-23,10.51,"Impoundment1"
2018-03-24,10.6467,"Impoundment1"
2018-03-25,10.95,"Impoundment1"
2018-03-26,10.85,"Impoundment1"
2018-03-27,11.3167,"Impoundment1"
2018-03-28,11.5467,"Impoundment1"
2018-03-29,11.2567,"Impoundment1"
2018-03-30,10.6633,"Impoundment1"
2018-03-31,10.5367,"Impoundment1"
2018-04-01,10.5767,"Impoundment1"
2018-04-02,10.4333,"Impoundment1"
2018-04-03,10.05,"Impoundment1"
2018-04-04,9.83,"Impoundment1"
2018-04-05,9.7,"Impoundment1"
2018-04-06,9.30333,"Impoundment1"
2018-04-07,8.55667,"Impoundment1"
2018-04-08,8.42,"Impoundment1"
2018-04-09,9.43,"Impoundment1"
2018-04-10,9.88,"Impoundment1"
2018-04-11,9.77667,"Impoundment1"
2018-04-12,9.73,"Impoundment1"
2018-04-13,8.34667,"Impoundment1"
2018-04-14,8.00333,"Impoundment1"
2018-04-15,8.91667,"Impoundment1"
2018-04-16,8.89333,"Impoundment1"
2018-05-08,8.40333,"Impoundment1"
2018-05-09,8.26,"Impoundment1"
2018-05-10,7.72667,"Impoundment1"
2018-05-11,7.67333,"Impoundment1"
2018-05-12,7.57,"Impoundment1"
2018-05-13,7.52667,"Impoundment1"
2018-05-14,7.51667,"Impoundment1"
2018-05-15,7.49,"Impoundment1"
2018-05-16,7.64333,"Impoundment1"
2018-05-17,6.53667,"Impoundment1"
2018-05-18,7.22667,"Impoundment1"
2018-05-19,7.22667,"Impoundment1"
2018-05-20,7.33667,"Impoundment1"
2018-05-21,8.17333,"Impoundment1"
2018-05-22,7.93,"Impoundment1"
2018-05-23,7.94,"Impoundment1"
2018-05-24,7.68667,"Impoundment1"
2018-05-25,6.64667,"Impoundment1"
2018-05-26,6.07667,"Impoundment1"
2018-05-27,6.13667,"Impoundment1"
2018-05-28,5.99667,"Impoundment1"
2018-05-29,6.15333,"Impoundment1"
2018-05-30,6.29667,"Impoundment1"
2018-05-31,6.97333,"Impoundment1"
2018-06-01,7.00667,"Impoundment1"
2018-06-02,6.88,"Impoundment1"
2018-06-03,7.04333,"Impoundment1"
2018-06-04,6.84333,"Impoundment1"
2018-06-05,6.82333,"Impoundment1"
2018-06-06,6.27333,"Impoundment1"
2018-06-07,6.15,"Impoundment1"
2018-06-08,6.40667,"Impoundment1"
2018-06-09,6.28333,"Impoundment1"
2018-06-10,5.96333,"Impoundment1"
2018-06-11,5.69667,"Impoundment1"
2018-06-12,6.11,"Impoundment1"
2018-06-13,6.71,"Impoundment1"
2018-06-14,6.38,"Impoundment1"
2018-06-15,5.98667,"Impoundment1"
2018-06-16,5.89333,"Impoundment1"
2018-06-17,4.73,"Impoundment1"
2018-06-18,4.41667,"Impoundment1"
2018-06-19,4.63,"Impoundment1"
2018-06-20,5.11667,"Impoundment1"
2018-06-21,5.93667,"Impoundment1"
2018-06-22,5.37,"Impoundment1"
2018-06-23,5.38,"Impoundment1"
2018-06-24,4.89667,"Impoundment1"
2018-06-25,5.26667,"Impoundment1"
2018-06-26,3.77333,"Impoundment1"
2018-06-27,5.36,"Impoundment1"
2018-06-28,2.13333,"Impoundment1"
2018-06-29,5.94667,"Impoundment1"
2018-06-30,5.79333,"Impoundment1"
2018-07-01,5.59333,"Impoundment1"
2018-07-02,5.43333,"Impoundment1"
2018-07-03,5.26333,"Impoundment1"
2018-07-04,5.48333,"Impoundment1"
2018-07-05,5.32,"Impoundment1"
2018-07-06,5.26667,"Impoundment1"
2018-07-07,4.70333,"Impoundment1"
2018-07-08,5.94667,"Impoundment1"
2018-07-09,5.84667,"Impoundment1"
2018-07-10,4.99667,"Impoundment1"
2018-07-11,6.24,"Impoundment1"
2018-07-12,5.9,"Impoundment1"
2018-07-13,6.17333,"Impoundment1"
2018-07-14,5.71,"Impoundment1"
2018-07-15,5.57333,"Impoundment1"
2018-07-16,4.08333,"Impoundment1"
2018-07-17,4.42,"Impoundment1"
2018-07-18,3.31667,"Impoundment1"
2018-07-19,2.29667,"Impoundment1"
2018-07-20,1.18,"Impoundment1"
2018-07-21,0.983333,"Impoundment1"
2018-07-22,1.85333,"Impoundment1"
2018-07-23,3.37333,"Impoundment1"
2018-07-24,2.97333,"Impoundment1"
2018-07-25,0.653333,"Impoundment1"
2018-07-26,2.06667,"Impoundment1"
2018-07-27,0.806667,"Impoundment1"
2018-07-28,0.786667,"Impoundment1"
2018-07-29,1.33667,"Impoundment1"
2018-07-30,3.76333,"Impoundment1"
2018-07-31,4.81667,"Impoundment1"
2018-08-01,2.75,"Impoundment1"
2018-08-02,0.103333,"Impoundment1"
2018-08-03,0.0233333,"Impoundment1"
2018-08-04,6.26,"Impoundment1"
2018-08-05,5.47333,"Impoundment1"
2018-08-06,4.75,"Impoundment1"
2018-08-07,4.27333,"Impoundment1"
2018-08-08,3.22333,"Impoundment1"
2018-08-09,3.21667,"Impoundment1"
2018-08-10,2.78,"Impoundment1"
2018-08-11,5.45333,"Impoundment1"
2018-08-12,5.87667,"Impoundment1"
2018-08-13,6.13333,"Impoundment1"
2018-08-14,6.30333,"Impoundment1"
2018-08-15,6.4,"Impoundment1"
2018-08-16,6.31333,"Impoundment1"
2018-08-17,6.16333,"Impoundment1"
2018-08-18,6.06667,"Impoundment1"
2018-08-19,6.12333,"Impoundment1"
2018-08-20,6.14333,"Impoundment1"
2018-08-21,6.14333,"Impoundment1"
2018-08-22,6.09667,"Impoundment1"
2018-08-23,6.07667,"Impoundment1"
2018-08-24,6.24667,"Impoundment1"
2018-08-25,6.74667,"Impoundment1"
2018-08-26,6.68333,"Impoundment1"
2018-08-27,6.39667,"Impoundment1"
2018-08-28,5.75667,"Impoundment1"
2018-08-29,6.15333,"Impoundment1"
2018-08-30,6.00333,"Impoundment1"
2018-08-31,6.09667,"Impoundment1"
2018-09-01,5.85667,"Impoundment1"
2018-09-02,6.01333,"Impoundment1"
2018-09-03,5.91333,"Impoundment1"
2018-09-04,5.54,"Impoundment1"
2018-09-05,5.19333,"Impoundment1"
2019-05-16,7.25667,"Impoundment1"
2019-05-17,6.96,"Impoundment1"
2019-05-18,6.63333,"Impoundment1"
2019-05-19,6.41667,"Impoundment1"
2019-05-20,6.30333,"Impoundment1"
2019-05-21,6.11333,"Impoundment1"
2019-05-22,6.24333,"Impoundment1"
2019-05-23,6.59667,"Impoundment1"
2019-05-24,6.40333,"Impoundment1"
2019-05-25,6.10333,"Impoundment1"
2019-05-26,5.78667,"Impoundment1"
2019-05-27,5.64,"Impoundment1"
2019-05-28,5.52,"Impoundment1"
2019-05-29,5.82667,"Impoundment1"
2019-05-30,5.86333,"Impoundment1"
2019-05-31,5.69,"Impoundment1"
2019-06-01,4.97,"Impoundment1"
2019-06-02,5.42667,"Impoundment1"
2019-06-03,4.83,"Impoundment1"
2019-06-04,6.21667,"Impoundment1"
2019-06-05,6.24333,"Impoundment1"
2019-06-06,5.65,"Impoundment1"
2019-06-07,5.62333,"Impoundment1"
2019-06-08,6.03667,"Impoundment1"
2019-06-09,5.99,"Impoundment1"
2019-06-10,6.03333,"Impoundment1"
2019-06-11,5.85,"Impoundment1"
2019-06-12,5.21667,"Impoundment1"
2019-06-13,6.11,"Impoundment1"
2019-06-14,5.49,"Impoundment1"
2019-06-15,1.82333,"Impoundment1"
2019-06-16,0.37,"Impoundment1"
2019-06-17,0.16,"Impoundment1"
2019-06-18,0.04,"Impoundment1"
2019-06-19,0.0233333,"Impoundment1"
2019-06-20,0.04,"Impoundment1"
2019-06-21,0.0366667,"Impoundment1"
2019-06-22,6.76,"Impoundment1"
2019-06-23,6.88333,"Impoundment1"
2019-06-24,6.72,"Impoundment1"
2019-06-25,6.48667,"Impoundment1"
2019-06-26,6.18,"Impoundment1"
2019-06-27,5.47667,"Impoundment1"
2019-06-28,5.71333,"Impoundment1"
2019-06-29,3.91333,"Impoundment1"
2019-06-30,1.86667,"Impoundment1"
2019-07-01,0.74,"Impoundment1"
2019-07-02,0.753333,"Impoundment1"
2019-07-03,0.576667,"Impoundment1"
2019-07-04,0.273333,"Impoundment1"
2019-07-05,0.346667,"Impoundment1"
2019-07-06,0.166667,"Impoundment1"
2019-07-07,0.0233333,"Impoundment1"
2019-07-08,0.01,"Impoundment1"
2019-07-09,0.0166667,"Impoundment1"
2019-07-10,0.01,"Impoundment1"
NA,NA,"Impoundment1"
2013-10-19,8.10333,"Downstream2B"
2013-10-20,7.73,"Downstream2B"
2013-10-21,8.12667,"Downstream2B"
2013-10-22,8.22333,"Downstream2B"
2013-10-23,8.37,"Downstream2B"
2013-10-24,8.43,"Downstream2B"
2013-10-25,8.68,"Downstream2B"
2013-10-26,9.1,"Downstream2B"
2013-10-27,9.11333,"Downstream2B"
2013-10-28,9.11333,"Downstream2B"
2013-10-29,9.09333,"Downstream2B"
2013-10-30,8.88667,"Downstream2B"
2013-10-31,8.63,"Downstream2B"
2013-11-01,8.09,"Downstream2B"
2013-11-02,6.29,"Downstream2B"
2013-11-03,7.74,"Downstream2B"
2013-11-04,7.50667,"Downstream2B"
2013-11-05,8.48333,"Downstream2B"
2013-11-06,9.1,"Downstream2B"
2013-11-07,8.87333,"Downstream2B"
2013-11-08,8.81333,"Downstream2B"
2013-11-09,9.14,"Downstream2B"
2013-11-10,9.11333,"Downstream2B"
2013-11-11,9.29333,"Downstream2B"
2013-11-12,9.60667,"Downstream2B"
2013-11-13,9.84333,"Downstream2B"
2013-11-14,10.3433,"Downstream2B"
2013-11-15,10.48,"Downstream2B"
2013-11-16,10.2267,"Downstream2B"
2013-11-17,10.0267,"Downstream2B"
2013-11-18,9.17333,"Downstream2B"
2013-11-19,8.70333,"Downstream2B"
2013-11-20,9.09,"Downstream2B"
2013-11-21,9.23333,"Downstream2B"
2013-11-22,9.36,"Downstream2B"
2013-11-23,9.09,"Downstream2B"
2013-11-24,9.40667,"Downstream2B"
2013-11-25,10.2,"Downstream2B"
2013-11-26,10.3367,"Downstream2B"
2013-11-27,9.45333,"Downstream2B"
2013-11-28,10.1867,"Downstream2B"
2013-11-29,11.0667,"Downstream2B"
2013-11-30,11.4533,"Downstream2B"
2013-12-01,11.5133,"Downstream2B"
2013-12-02,11.0967,"Downstream2B"
2013-12-03,10.8367,"Downstream2B"
2013-12-04,10.6,"Downstream2B"
2013-12-05,10.2333,"Downstream2B"
2013-12-06,9.70667,"Downstream2B"
2013-12-07,8.98,"Downstream2B"
2013-12-08,9.32667,"Downstream2B"
2013-12-09,9.79,"Downstream2B"
2013-12-10,10.2267,"Downstream2B"
2013-12-11,10.6367,"Downstream2B"
2013-12-12,11.07,"Downstream2B"
2013-12-13,11.4767,"Downstream2B"
2013-12-14,11.4633,"Downstream2B"
2013-12-15,11.0067,"Downstream2B"
2013-12-16,11.22,"Downstream2B"
2013-12-17,11.3267,"Downstream2B"
2013-12-18,11.2033,"Downstream2B"
2013-12-19,11.45,"Downstream2B"
2013-12-20,11.3667,"Downstream2B"
2013-12-21,11.08,"Downstream2B"
2013-12-22,10.1433,"Downstream2B"
2013-12-23,8.43,"Downstream2B"
2013-12-24,9.07,"Downstream2B"
2013-12-25,9.80667,"Downstream2B"
2013-12-26,10.5767,"Downstream2B"
2013-12-27,11.07,"Downstream2B"
2013-12-28,11.32,"Downstream2B"
2013-12-29,10.5567,"Downstream2B"
2013-12-30,10.5833,"Downstream2B"
2013-12-31,10.9433,"Downstream2B"
2014-01-01,11.1067,"Downstream2B"
2014-01-02,11.1767,"Downstream2B"
2014-01-03,11.0533,"Downstream2B"
2014-01-04,11.67,"Downstream2B"
2014-01-05,11.7467,"Downstream2B"
2014-01-06,11.4433,"Downstream2B"
2014-01-07,11.4233,"Downstream2B"
2014-01-08,12.07,"Downstream2B"
2014-01-09,12.18,"Downstream2B"
2014-01-10,11.7433,"Downstream2B"
2014-01-11,10.4267,"Downstream2B"
2014-01-12,10.2967,"Downstream2B"
2014-01-13,10.6,"Downstream2B"
2014-01-14,10.8067,"Downstream2B"
2014-01-15,10.7767,"Downstream2B"
2014-01-16,11.13,"Downstream2B"
2014-01-17,11.3767,"Downstream2B"
2014-01-18,11.3867,"Downstream2B"
2014-01-19,11.6033,"Downstream2B"
2014-01-20,11.5467,"Downstream2B"
2014-01-21,11.42,"Downstream2B"
2014-01-22,11.3067,"Downstream2B"
2014-01-23,11.56,"Downstream2B"
2014-01-24,11.6333,"Downstream2B"
2014-01-25,12.18,"Downstream2B"
2014-01-26,12.3267,"Downstream2B"
2014-01-27,12.5267,"Downstream2B"
2014-01-28,12,"Downstream2B"
2014-01-29,12.4,"Downstream2B"
2014-01-30,13.0933,"Downstream2B"
2014-01-31,13.3433,"Downstream2B"
2014-02-01,13.13,"Downstream2B"
2014-02-02,12.4733,"Downstream2B"
2014-02-03,11.3467,"Downstream2B"
2014-02-04,10.9733,"Downstream2B"
2014-02-05,11.1433,"Downstream2B"
2014-02-06,11.5867,"Downstream2B"
2014-02-07,12.0167,"Downstream2B"
2014-02-08,11.88,"Downstream2B"
2014-02-09,11.6867,"Downstream2B"
2014-02-10,11.8133,"Downstream2B"
2014-02-11,12.0833,"Downstream2B"
2014-02-12,12.58,"Downstream2B"
2014-02-13,12.9067,"Downstream2B"
2014-02-14,12.3133,"Downstream2B"
2014-02-15,12.2467,"Downstream2B"
2014-02-16,12.4233,"Downstream2B"
2014-02-17,12.38,"Downstream2B"
2014-02-18,12.2633,"Downstream2B"
2014-02-19,12.1467,"Downstream2B"
2014-02-20,12.23,"Downstream2B"
2014-02-21,11.03,"Downstream2B"
2014-02-22,11.09,"Downstream2B"
2014-02-23,11.5933,"Downstream2B"
2014-02-24,11.5967,"Downstream2B"
2014-02-25,11.74,"Downstream2B"
2014-02-26,11.6333,"Downstream2B"
2014-02-27,11.46,"Downstream2B"
2014-02-28,11.4,"Downstream2B"
2014-03-01,11.2867,"Downstream2B"
2014-03-02,10.69,"Downstream2B"
2014-03-03,10.5133,"Downstream2B"
2014-03-04,10.66,"Downstream2B"
2014-03-05,11.5267,"Downstream2B"
2014-03-06,11.41,"Downstream2B"
2014-03-07,11.4833,"Downstream2B"
2014-03-08,11.6,"Downstream2B"
2014-03-09,11.04,"Downstream2B"
2014-03-10,10.7633,"Downstream2B"
2014-03-11,10.7933,"Downstream2B"
2014-03-12,10.9,"Downstream2B"
2014-03-13,10.9233,"Downstream2B"
2014-03-14,11.2267,"Downstream2B"
2014-03-15,10.94,"Downstream2B"
2014-03-16,10.6433,"Downstream2B"
2014-03-17,10.9467,"Downstream2B"
2014-03-18,11.1767,"Downstream2B"
2014-03-19,11.3933,"Downstream2B"
2014-03-20,10.5333,"Downstream2B"
2014-03-21,10.5467,"Downstream2B"
2014-03-22,9.68667,"Downstream2B"
2014-03-23,9.50667,"Downstream2B"
2014-03-24,10.3833,"Downstream2B"
2014-03-25,9.92667,"Downstream2B"
2014-03-26,10.6667,"Downstream2B"
2014-03-27,10.8,"Downstream2B"
2014-03-28,10.3567,"Downstream2B"
2014-03-29,8.67,"Downstream2B"
2014-03-30,8.33667,"Downstream2B"
2014-03-31,9.46667,"Downstream2B"
2014-04-01,9.26667,"Downstream2B"
2014-04-02,9.29667,"Downstream2B"
2014-04-03,9.07,"Downstream2B"
2014-04-04,8.44667,"Downstream2B"
2014-04-05,7.78667,"Downstream2B"
2014-04-06,7.21667,"Downstream2B"
2014-04-07,7.30667,"Downstream2B"
2014-04-08,7.29333,"Downstream2B"
2014-04-09,8.37333,"Downstream2B"
2014-04-10,9.71,"Downstream2B"
2014-04-11,10.0267,"Downstream2B"
2014-04-12,9.90333,"Downstream2B"
2014-04-13,9.67667,"Downstream2B"
2014-04-14,8.73,"Downstream2B"
2014-04-15,6.08333,"Downstream2B"
2014-04-16,5.93667,"Downstream2B"
2014-04-17,6.71667,"Downstream2B"
2014-04-18,6.73333,"Downstream2B"
2014-04-19,7.6,"Downstream2B"
2014-04-20,8.33333,"Downstream2B"
2014-04-21,8.25333,"Downstream2B"
2014-04-22,7.84333,"Downstream2B"
2014-04-23,7.82333,"Downstream2B"
2014-04-24,7.4,"Downstream2B"
2014-04-25,7.03667,"Downstream2B"
2014-06-03,8.745,"Downstream2B"
2014-06-04,9.48667,"Downstream2B"
2014-06-05,9.17333,"Downstream2B"
2014-06-06,8.45,"Downstream2B"
2014-06-07,8.56,"Downstream2B"
2014-06-08,8.55,"Downstream2B"
2014-06-09,8.54667,"Downstream2B"
2014-06-10,6.20333,"Downstream2B"
2014-06-11,5.54,"Downstream2B"
2014-06-12,5.66,"Downstream2B"
2014-06-13,6.16,"Downstream2B"
2014-06-14,6.27,"Downstream2B"
2014-06-15,6.18,"Downstream2B"
2014-06-16,5.83,"Downstream2B"
2014-06-17,5.95333,"Downstream2B"
2014-06-18,5.74667,"Downstream2B"
2014-06-19,5.90667,"Downstream2B"
2014-06-20,5.72667,"Downstream2B"
2014-06-21,5.37,"Downstream2B"
2014-06-22,5.14333,"Downstream2B"
2014-06-23,6.09,"Downstream2B"
2014-06-24,5.96333,"Downstream2B"
2014-06-25,5.77,"Downstream2B"
2014-06-26,5.39667,"Downstream2B"
2014-06-27,5.97333,"Downstream2B"
2014-06-28,6.28,"Downstream2B"
2014-06-29,6.48,"Downstream2B"
2014-06-30,6.35,"Downstream2B"
2014-07-01,5.96333,"Downstream2B"
2014-07-02,5.97,"Downstream2B"
2014-07-03,5.93,"Downstream2B"
2014-07-04,5.74333,"Downstream2B"
2014-07-05,6.11,"Downstream2B"
2014-07-06,6.19667,"Downstream2B"
2014-07-07,6.09333,"Downstream2B"
2014-07-08,5.94,"Downstream2B"
2014-07-09,5.71333,"Downstream2B"
2014-07-10,5.50333,"Downstream2B"
2014-07-11,5.50333,"Downstream2B"
2014-07-12,5.87667,"Downstream2B"
2014-07-13,5.68667,"Downstream2B"
2014-07-14,5.41333,"Downstream2B"
2014-07-15,5.1,"Downstream2B"
2014-07-16,5.72,"Downstream2B"
2014-07-17,6.68667,"Downstream2B"
2014-07-18,6.36,"Downstream2B"
2014-07-19,6.75,"Downstream2B"
2014-07-20,6.65,"Downstream2B"
2014-07-21,6.58,"Downstream2B"
2014-07-22,6.42667,"Downstream2B"
2014-07-23,6.68,"Downstream2B"
2014-07-24,6.15,"Downstream2B"
2014-07-25,6.28667,"Downstream2B"
2014-07-26,6.25667,"Downstream2B"
2014-07-27,5.76667,"Downstream2B"
2014-07-28,6.59333,"Downstream2B"
2014-07-29,6.25333,"Downstream2B"
2014-07-30,6.23667,"Downstream2B"
2014-07-31,6.69333,"Downstream2B"
2014-08-01,6.44667,"Downstream2B"
2014-08-02,6.63,"Downstream2B"
2014-08-03,7.34,"Downstream2B"
2014-08-04,7.13,"Downstream2B"
2014-08-05,6.95,"Downstream2B"
2014-08-06,6.47,"Downstream2B"
2014-08-07,6.58,"Downstream2B"
2014-08-08,6.5,"Downstream2B"
2014-08-09,6.67667,"Downstream2B"
2014-08-10,7.04,"Downstream2B"
2014-08-11,7.28333,"Downstream2B"
2014-08-12,6.85333,"Downstream2B"
2014-08-13,6.79667,"Downstream2B"
2014-08-14,6.99,"Downstream2B"
2014-08-15,6.94,"Downstream2B"
2014-08-16,6.65333,"Downstream2B"
2014-08-17,6.55333,"Downstream2B"
2014-08-18,6.66,"Downstream2B"
2014-08-20,6.81,"Downstream2B"
2014-08-21,6.57333,"Downstream2B"
2014-08-22,6.57667,"Downstream2B"
2014-08-23,6.31667,"Downstream2B"
2014-08-24,6.34667,"Downstream2B"
2014-08-25,6.52,"Downstream2B"
2014-08-26,6.76667,"Downstream2B"
2014-08-27,7.09333,"Downstream2B"
2014-08-28,6.86667,"Downstream2B"
2014-08-29,6.27667,"Downstream2B"
2014-08-30,6.38,"Downstream2B"
2014-08-31,6.20667,"Downstream2B"
2014-09-01,6.05333,"Downstream2B"
2014-09-02,5.83667,"Downstream2B"
2014-09-03,5.62333,"Downstream2B"
2014-09-04,5.69667,"Downstream2B"
2014-09-05,5.75333,"Downstream2B"
2014-09-06,6.25,"Downstream2B"
2014-09-07,6.06667,"Downstream2B"
2014-09-08,6.28,"Downstream2B"
2014-09-09,7.20333,"Downstream2B"
2014-09-10,7.23,"Downstream2B"
2014-09-11,6.95,"Downstream2B"
2014-09-12,6.45,"Downstream2B"
2014-09-13,6.94667,"Downstream2B"
2014-09-14,7.19667,"Downstream2B"
2014-09-15,7.14,"Downstream2B"
2014-09-16,7.28333,"Downstream2B"
2014-09-17,7.07333,"Downstream2B"
2014-09-18,6.97667,"Downstream2B"
2014-09-19,7.14667,"Downstream2B"
2014-09-20,7.27,"Downstream2B"
2014-09-21,7.12333,"Downstream2B"
2014-09-22,6.95333,"Downstream2B"
2014-09-23,7.00667,"Downstream2B"
2014-09-24,7.63667,"Downstream2B"
2014-09-25,8.02333,"Downstream2B"
2014-09-26,8.50667,"Downstream2B"
2014-09-27,8.28667,"Downstream2B"
2014-09-28,8.05333,"Downstream2B"
2014-09-29,7.83,"Downstream2B"
2014-09-30,7.89667,"Downstream2B"
2014-10-01,7.83333,"Downstream2B"
2014-10-02,7.79,"Downstream2B"
2014-10-03,7.53,"Downstream2B"
2014-10-04,6.87,"Downstream2B"
2014-10-05,7.42,"Downstream2B"
2014-10-06,7.77333,"Downstream2B"
2014-10-07,8.13667,"Downstream2B"
2014-10-08,8.16667,"Downstream2B"
2014-10-09,7.88,"Downstream2B"
2014-10-10,7.82,"Downstream2B"
2014-10-11,6.99667,"Downstream2B"
2014-10-12,7.02333,"Downstream2B"
2014-10-13,7.58667,"Downstream2B"
2014-10-14,7.72,"Downstream2B"
2014-10-15,7.08667,"Downstream2B"
2014-10-16,8.02333,"Downstream2B"
2014-10-17,8.18667,"Downstream2B"
2014-10-18,8.15333,"Downstream2B"
2014-10-19,8.11333,"Downstream2B"
2014-10-20,8.35,"Downstream2B"
2014-10-21,8.31667,"Downstream2B"
2014-10-22,8.57333,"Downstream2B"
2014-10-23,8.60667,"Downstream2B"
2014-10-24,8.71333,"Downstream2B"
2014-10-25,8.78333,"Downstream2B"
2014-10-26,8.75333,"Downstream2B"
2014-10-27,8.73667,"Downstream2B"
2014-10-28,8.72333,"Downstream2B"
2014-10-29,8.67333,"Downstream2B"
2014-10-30,7.92667,"Downstream2B"
2014-10-31,8.11333,"Downstream2B"
2014-11-01,8.29667,"Downstream2B"
2014-11-02,8.72333,"Downstream2B"
2014-11-03,9.34333,"Downstream2B"
2014-11-04,9.55,"Downstream2B"
2014-11-05,9.88,"Downstream2B"
2014-11-06,9.40667,"Downstream2B"
2014-11-07,8.68667,"Downstream2B"
2014-11-08,9.07667,"Downstream2B"
2014-11-09,9.10333,"Downstream2B"
2014-11-10,9.31667,"Downstream2B"
2014-11-11,9.41,"Downstream2B"
2014-11-12,8.81333,"Downstream2B"
2014-11-13,9.02333,"Downstream2B"
2014-11-14,9.17333,"Downstream2B"
2014-11-15,9.53,"Downstream2B"
2014-11-16,10.07,"Downstream2B"
2014-11-17,10.1767,"Downstream2B"
2014-11-18,9.26333,"Downstream2B"
2014-11-19,10.2967,"Downstream2B"
2014-11-20,10.2033,"Downstream2B"
2014-11-21,10.4967,"Downstream2B"
2014-11-22,11.8233,"Downstream2B"
2014-11-23,11.59,"Downstream2B"
2014-11-24,8.63333,"Downstream2B"
2014-11-25,9.07333,"Downstream2B"
2014-11-26,8.96667,"Downstream2B"
2014-11-27,10.3467,"Downstream2B"
2014-11-28,10.61,"Downstream2B"
2014-11-29,11.0733,"Downstream2B"
2014-11-30,11.1633,"Downstream2B"
2014-12-01,10.9567,"Downstream2B"
2014-12-02,10.75,"Downstream2B"
2014-12-03,10.5033,"Downstream2B"
2014-12-04,10.3933,"Downstream2B"
2014-12-05,10.67,"Downstream2B"
2014-12-06,10.6533,"Downstream2B"
2014-12-07,10.32,"Downstream2B"
2014-12-08,10.4833,"Downstream2B"
2014-12-09,10.0567,"Downstream2B"
2014-12-10,9.93667,"Downstream2B"
2014-12-11,9.99333,"Downstream2B"
2014-12-12,10.0767,"Downstream2B"
2014-12-13,10.01,"Downstream2B"
2014-12-14,10.9433,"Downstream2B"
2014-12-15,10.72,"Downstream2B"
2014-12-16,11.38,"Downstream2B"
2014-12-17,11.1533,"Downstream2B"
2014-12-18,11.4133,"Downstream2B"
2014-12-19,11.54,"Downstream2B"
2014-12-20,11.57,"Downstream2B"
2014-12-21,11.7667,"Downstream2B"
2014-12-22,11.33,"Downstream2B"
2014-12-23,11.5833,"Downstream2B"
2014-12-24,10.96,"Downstream2B"
2014-12-25,10.8033,"Downstream2B"
2014-12-26,11.05,"Downstream2B"
2014-12-27,11.1933,"Downstream2B"
2014-12-28,10.8467,"Downstream2B"
2014-12-29,10.2433,"Downstream2B"
2014-12-30,10.61,"Downstream2B"
2014-12-31,11.3767,"Downstream2B"
2015-01-01,11.85,"Downstream2B"
2015-01-02,11.9167,"Downstream2B"
2015-02-09,8.66,"Downstream2B"
2015-02-10,11.18,"Downstream2B"
2015-02-11,11.73,"Downstream2B"
2015-02-12,12.4367,"Downstream2B"
2015-02-13,12.83,"Downstream2B"
2015-02-14,13.0567,"Downstream2B"
2015-02-15,12.8133,"Downstream2B"
2015-02-16,13.4533,"Downstream2B"
2015-02-17,13.5533,"Downstream2B"
2015-02-18,13.4767,"Downstream2B"
2015-02-19,13.22,"Downstream2B"
2015-02-20,13.7967,"Downstream2B"
2015-02-21,14.2867,"Downstream2B"
2015-02-22,13.6567,"Downstream2B"
2015-02-23,12.8933,"Downstream2B"
2015-02-24,12.99,"Downstream2B"
2015-02-25,13.64,"Downstream2B"
2015-02-26,13.3433,"Downstream2B"
2015-02-27,13.5067,"Downstream2B"
2015-02-28,13.2567,"Downstream2B"
2015-03-01,13.5967,"Downstream2B"
2015-03-02,13.2133,"Downstream2B"
2015-03-03,12.97,"Downstream2B"
2015-03-04,13.3633,"Downstream2B"
2015-03-05,12.3467,"Downstream2B"
2015-03-06,12.41,"Downstream2B"
2015-03-07,13.2333,"Downstream2B"
2015-03-08,13.07,"Downstream2B"
2015-03-09,12.8633,"Downstream2B"
2015-03-10,12.82,"Downstream2B"
2015-03-11,11.8467,"Downstream2B"
2015-03-12,11.1267,"Downstream2B"
2015-03-13,11.5767,"Downstream2B"
2015-03-14,10.2933,"Downstream2B"
2015-03-15,10.3467,"Downstream2B"
2015-03-16,10.4,"Downstream2B"
2015-03-17,10.3767,"Downstream2B"
2015-03-18,10.1167,"Downstream2B"
2015-03-19,9.29667,"Downstream2B"
2015-03-20,10.6633,"Downstream2B"
2015-03-21,10.8367,"Downstream2B"
2015-03-22,10.4467,"Downstream2B"
2015-03-23,10.2367,"Downstream2B"
2015-03-24,10.7167,"Downstream2B"
2015-03-25,11.2133,"Downstream2B"
2015-03-26,9.93667,"Downstream2B"
2015-03-27,10.2633,"Downstream2B"
2015-03-28,10.61,"Downstream2B"
2015-03-29,11.0833,"Downstream2B"
2015-03-30,11.1133,"Downstream2B"
2015-03-31,10.8533,"Downstream2B"
2015-04-01,10.2233,"Downstream2B"
2015-04-02,10.2633,"Downstream2B"
2015-04-03,9.66,"Downstream2B"
2015-04-04,8.80667,"Downstream2B"
2015-04-05,9.01,"Downstream2B"
2015-04-06,9.13,"Downstream2B"
2015-04-07,8.60333,"Downstream2B"
2015-04-08,8.07,"Downstream2B"
2015-04-09,4.21,"Downstream2B"
2015-04-10,0.446667,"Downstream2B"
2015-04-11,0.466667,"Downstream2B"
2015-04-12,1.79667,"Downstream2B"
2015-04-13,4.82,"Downstream2B"
2015-04-14,7.19,"Downstream2B"
2015-04-15,5.11333,"Downstream2B"
2015-04-16,5.58,"Downstream2B"
2015-04-17,5.69333,"Downstream2B"
2015-04-18,5.62333,"Downstream2B"
2015-04-19,5.50667,"Downstream2B"
2015-04-20,5.43,"Downstream2B"
2015-04-21,6.56,"Downstream2B"
2015-04-22,7.72667,"Downstream2B"
2015-04-23,8.73333,"Downstream2B"
2015-04-24,9.03,"Downstream2B"
2015-04-25,8.96,"Downstream2B"
2015-05-14,8.6,"Downstream2B"
2015-05-15,7.92333,"Downstream2B"
2015-05-16,8.06667,"Downstream2B"
2015-05-17,7.44667,"Downstream2B"
2015-05-18,6.77,"Downstream2B"
2015-05-19,6.35667,"Downstream2B"
2015-05-20,6.46333,"Downstream2B"
2015-05-21,6.28333,"Downstream2B"
2015-05-22,6.34333,"Downstream2B"
2015-05-23,6.65333,"Downstream2B"
2015-05-24,6.92333,"Downstream2B"
2015-05-25,6.6,"Downstream2B"
2015-05-26,6.28667,"Downstream2B"
2015-05-27,5.90333,"Downstream2B"
2015-05-28,6.36,"Downstream2B"
2015-05-29,6.44,"Downstream2B"
2015-05-30,6.16667,"Downstream2B"
2015-05-31,5.96333,"Downstream2B"
2015-06-01,5.75,"Downstream2B"
2015-06-02,5.61,"Downstream2B"
2015-06-03,6.26667,"Downstream2B"
2015-06-04,6.78,"Downstream2B"
2015-06-05,7.09667,"Downstream2B"
2015-06-06,7.02667,"Downstream2B"
2015-06-07,6.86333,"Downstream2B"
2015-06-08,6.56667,"Downstream2B"
2015-06-09,6.23,"Downstream2B"
2015-06-10,6.41,"Downstream2B"
2015-06-11,6.27333,"Downstream2B"
2015-06-12,6.08333,"Downstream2B"
2015-06-13,5.98667,"Downstream2B"
2015-06-14,5.66333,"Downstream2B"
2015-06-15,5.30667,"Downstream2B"
2015-06-16,4.99,"Downstream2B"
2015-06-17,5.41,"Downstream2B"
2015-06-18,3.57667,"Downstream2B"
2015-06-19,3.72,"Downstream2B"
2015-06-20,5.64,"Downstream2B"
2015-06-21,5.56,"Downstream2B"
2015-06-22,5.12333,"Downstream2B"
2015-06-23,3.51,"Downstream2B"
2015-06-24,5.68,"Downstream2B"
2015-06-25,5.6,"Downstream2B"
2015-06-26,5.63667,"Downstream2B"
2015-06-27,5.15,"Downstream2B"
2015-06-28,6.17,"Downstream2B"
2015-06-29,5.96333,"Downstream2B"
2015-06-30,5.81667,"Downstream2B"
2015-07-01,5.20333,"Downstream2B"
2017-09-19,7.44667,"Downstream2B"
2017-09-20,6.38333,"Downstream2B"
2017-09-22,6.54333,"Downstream2B"
2017-09-23,6.49,"Downstream2B"
2017-09-24,6.49,"Downstream2B"
2017-09-25,6.49667,"Downstream2B"
2017-09-26,6.5,"Downstream2B"
2017-09-27,6.49333,"Downstream2B"
2017-09-28,6.19,"Downstream2B"
2017-09-29,5.72333,"Downstream2B"
2017-09-30,6.06667,"Downstream2B"
2017-10-01,7.16667,"Downstream2B"
2017-10-02,7.47,"Downstream2B"
2017-10-03,7.59667,"Downstream2B"
2017-10-04,7.75,"Downstream2B"
2017-10-05,7.43667,"Downstream2B"
2017-10-06,7.25333,"Downstream2B"
2017-10-07,7.14333,"Downstream2B"
2017-10-08,6.75333,"Downstream2B"
2017-10-09,6.43333,"Downstream2B"
2017-10-10,6.05667,"Downstream2B"
2017-10-11,5.61,"Downstream2B"
2017-10-12,4.6,"Downstream2B"
2017-10-13,6.14333,"Downstream2B"
2017-10-14,2.64,"Downstream2B"
2017-10-15,2.47,"Downstream2B"
2017-10-16,0.00333333,"Downstream2B"
2017-10-17,0.0733333,"Downstream2B"
2017-10-18,8.19333,"Downstream2B"
2017-10-19,8.44,"Downstream2B"
2017-10-20,8.17,"Downstream2B"
2017-10-21,8.29667,"Downstream2B"
2017-10-22,8.11333,"Downstream2B"
2017-10-23,7.84333,"Downstream2B"
2017-10-24,6.8,"Downstream2B"
2017-10-25,7.77667,"Downstream2B"
2017-10-26,8.13,"Downstream2B"
2017-10-27,8.77,"Downstream2B"
2017-10-28,8.82,"Downstream2B"
2017-10-29,8.02,"Downstream2B"
2017-10-30,8.03333,"Downstream2B"
2017-10-31,8.84333,"Downstream2B"
2017-11-01,8.34333,"Downstream2B"
2017-11-02,7.4,"Downstream2B"
2017-11-03,8.55667,"Downstream2B"
2017-11-04,8.23667,"Downstream2B"
2017-11-05,8.19333,"Downstream2B"
2017-11-06,8.07,"Downstream2B"
2017-11-07,7.66333,"Downstream2B"
2017-11-08,7.85,"Downstream2B"
2017-11-09,8.74333,"Downstream2B"
2017-11-10,9.04,"Downstream2B"
2017-11-11,9.27,"Downstream2B"
2017-11-12,10.2033,"Downstream2B"
2017-11-13,9.88667,"Downstream2B"
2017-11-14,9.81,"Downstream2B"
2017-11-15,9.64333,"Downstream2B"
2017-11-16,9.47,"Downstream2B"
2017-11-17,9.12333,"Downstream2B"
2017-11-18,10.19,"Downstream2B"
2017-11-19,9.48667,"Downstream2B"
2017-11-20,9.39667,"Downstream2B"
2017-11-21,10.0533,"Downstream2B"
2017-11-22,9.77667,"Downstream2B"
2017-11-23,9.45,"Downstream2B"
2017-11-24,9.97,"Downstream2B"
2017-11-25,10.23,"Downstream2B"
2017-11-26,10.0367,"Downstream2B"
2017-11-27,9.88,"Downstream2B"
2017-11-28,10.18,"Downstream2B"
2017-11-29,9.9,"Downstream2B"
2017-11-30,9.66,"Downstream2B"
2017-12-01,9.51333,"Downstream2B"
2017-12-02,9.10667,"Downstream2B"
2017-12-03,8.98667,"Downstream2B"
2017-12-04,9.03667,"Downstream2B"
2017-12-05,9.21333,"Downstream2B"
2017-12-06,9.18667,"Downstream2B"
2017-12-07,9.22333,"Downstream2B"
2017-12-08,9.65667,"Downstream2B"
2017-12-09,10.3433,"Downstream2B"
2017-12-10,11.01,"Downstream2B"
2017-12-11,11.4133,"Downstream2B"
2017-12-12,11.1367,"Downstream2B"
2017-12-13,10.72,"Downstream2B"
2017-12-14,10.79,"Downstream2B"
2017-12-15,10.9467,"Downstream2B"
2017-12-16,10.8533,"Downstream2B"
2017-12-17,10.8933,"Downstream2B"
2017-12-18,10.0767,"Downstream2B"
2017-12-19,8.96,"Downstream2B"
2017-12-20,8.51,"Downstream2B"
2017-12-21,8.27,"Downstream2B"
2017-12-22,8.86667,"Downstream2B"
2017-12-23,8.66667,"Downstream2B"
2017-12-24,7.29667,"Downstream2B"
2017-12-25,6.97333,"Downstream2B"
2017-12-26,8.39,"Downstream2B"
2017-12-27,8.68667,"Downstream2B"
2017-12-28,9.01667,"Downstream2B"
2017-12-29,9.33667,"Downstream2B"
2017-12-30,9.19,"Downstream2B"
2017-12-31,9.07667,"Downstream2B"
2018-01-01,9.23667,"Downstream2B"
2018-01-02,9.94,"Downstream2B"
2018-01-03,10.3,"Downstream2B"
2018-01-04,10.2533,"Downstream2B"
2018-01-05,8.81667,"Downstream2B"
2018-01-06,8.91667,"Downstream2B"
2018-01-07,8.33667,"Downstream2B"
2018-01-08,8.76333,"Downstream2B"
2018-01-09,9.74667,"Downstream2B"
2018-01-10,7.83,"Downstream2B"
2018-01-11,11.71,"Downstream2B"
2018-01-12,10.33,"Downstream2B"
2018-01-13,8.56667,"Downstream2B"
2018-01-14,9.68333,"Downstream2B"
2018-01-15,11.54,"Downstream2B"
2018-01-16,12.5967,"Downstream2B"
2018-01-17,12.47,"Downstream2B"
2018-01-18,12.78,"Downstream2B"
2018-01-19,12.9967,"Downstream2B"
2018-01-20,12.6433,"Downstream2B"
2018-01-21,12.1967,"Downstream2B"
2018-01-22,11.43,"Downstream2B"
2018-01-23,9.73667,"Downstream2B"
2018-01-24,9.62333,"Downstream2B"
2018-01-25,10.6667,"Downstream2B"
2018-01-26,11.2,"Downstream2B"
2018-01-27,11.33,"Downstream2B"
2018-01-28,10.25,"Downstream2B"
2018-01-29,9.22667,"Downstream2B"
2018-01-30,10.2333,"Downstream2B"
2018-01-31,10.5467,"Downstream2B"
2018-02-01,11.0133,"Downstream2B"
2018-02-02,10.3667,"Downstream2B"
2018-02-03,10.5533,"Downstream2B"
2018-02-04,10.7,"Downstream2B"
2018-02-05,10.3367,"Downstream2B"
2018-02-06,10.5967,"Downstream2B"
2018-02-07,9.60333,"Downstream2B"
2018-02-08,8.69,"Downstream2B"
2018-02-09,9.06333,"Downstream2B"
2018-02-10,8.90333,"Downstream2B"
2018-02-11,7.31333,"Downstream2B"
2018-02-12,4.86667,"Downstream2B"
2018-02-13,4.87,"Downstream2B"
2018-02-14,8.24667,"Downstream2B"
2018-02-15,7.60333,"Downstream2B"
2018-02-16,5.35,"Downstream2B"
2018-02-17,3.76333,"Downstream2B"
2018-02-18,5.06667,"Downstream2B"
2018-02-19,6.43667,"Downstream2B"
2018-02-20,7.37667,"Downstream2B"
2018-02-21,5.37667,"Downstream2B"
2018-02-22,4.48333,"Downstream2B"
2018-02-23,4.28,"Downstream2B"
2018-02-24,4.12333,"Downstream2B"
2018-02-25,3.59333,"Downstream2B"
2018-02-26,4.01333,"Downstream2B"
2018-02-27,3.99333,"Downstream2B"
2018-02-28,5.28667,"Downstream2B"
2018-03-01,5.82,"Downstream2B"
2018-03-02,6.63333,"Downstream2B"
2018-03-03,7.18,"Downstream2B"
2018-03-04,6.81667,"Downstream2B"
2018-03-05,6.99333,"Downstream2B"
2018-03-06,6.81,"Downstream2B"
2018-03-07,7.42,"Downstream2B"
2018-03-08,8.71667,"Downstream2B"
2018-03-09,8.84667,"Downstream2B"
2018-03-10,8.49333,"Downstream2B"
2018-03-11,7.87333,"Downstream2B"
2018-03-12,8.26333,"Downstream2B"
2018-03-13,9.57,"Downstream2B"
2018-03-14,9.05,"Downstream2B"
2018-03-15,8.4,"Downstream2B"
2018-05-08,8.42333,"Downstream2B"
2018-05-09,7.94667,"Downstream2B"
2018-05-10,7.58667,"Downstream2B"
2018-05-11,7.28333,"Downstream2B"
2018-05-12,7.13667,"Downstream2B"
2018-05-13,6.92667,"Downstream2B"
2018-05-14,6.9,"Downstream2B"
2018-05-15,6.82333,"Downstream2B"
2018-05-16,7.11333,"Downstream2B"
2018-05-17,6.22667,"Downstream2B"
2018-05-18,6.48667,"Downstream2B"
2018-05-19,6.38667,"Downstream2B"
2018-05-20,6.73667,"Downstream2B"
2018-05-21,5.55,"Downstream2B"
2018-05-22,1.92667,"Downstream2B"
2018-05-23,4.44,"Downstream2B"
2018-05-24,4.91333,"Downstream2B"
2018-05-25,4.5,"Downstream2B"
2018-05-26,1.4,"Downstream2B"
2018-05-27,0,"Downstream2B"
2018-05-30,0,"Downstream2B"
2018-05-31,0,"Downstream2B"
2018-06-01,0.09,"Downstream2B"
2018-06-02,0.246667,"Downstream2B"
2018-06-03,0,"Downstream2B"
2018-06-04,0,"Downstream2B"
2018-06-05,0,"Downstream2B"
2018-06-07,5.54667,"Downstream2B"
2018-06-08,6.56667,"Downstream2B"
2018-06-09,6.42667,"Downstream2B"
2018-06-10,6.28667,"Downstream2B"
2018-06-11,5.74667,"Downstream2B"
2018-06-12,5.72,"Downstream2B"
2018-06-13,6.73667,"Downstream2B"
2018-06-14,6.08667,"Downstream2B"
2018-06-15,5.49333,"Downstream2B"
2018-06-16,5.46667,"Downstream2B"
2018-06-17,5.64333,"Downstream2B"
2018-06-18,5.83,"Downstream2B"
2018-06-19,5.40667,"Downstream2B"
2018-06-20,5.74333,"Downstream2B"
2018-06-21,5.54667,"Downstream2B"
2018-06-22,4.33333,"Downstream2B"
2018-06-23,3.65667,"Downstream2B"
2018-06-24,3.46333,"Downstream2B"
2018-06-25,2.94667,"Downstream2B"
2018-06-26,3.20333,"Downstream2B"
2018-06-27,4.16667,"Downstream2B"
2018-06-28,3.50667,"Downstream2B"
2018-06-29,6.09667,"Downstream2B"
2018-06-30,5.98333,"Downstream2B"
2018-07-01,4.19667,"Downstream2B"
2018-07-02,5.59333,"Downstream2B"
2018-07-03,5.54667,"Downstream2B"
2018-07-04,5.04333,"Downstream2B"
2018-07-05,5.41333,"Downstream2B"
2018-07-06,4.9,"Downstream2B"
2018-07-07,0,"Downstream2B"
2018-07-08,0.00333333,"Downstream2B"
2018-07-09,1.25333,"Downstream2B"
2018-07-10,0.00666667,"Downstream2B"
2018-07-11,6.38,"Downstream2B"
2018-07-12,6.02,"Downstream2B"
2018-07-13,6.14,"Downstream2B"
2018-07-14,6.03667,"Downstream2B"
2018-07-15,5.89667,"Downstream2B"
2018-07-16,5.95,"Downstream2B"
2018-07-17,5.91333,"Downstream2B"
2018-07-18,5.21333,"Downstream2B"
2018-07-19,5.41,"Downstream2B"
2018-07-20,5.37333,"Downstream2B"
2018-07-21,5.34667,"Downstream2B"
2018-07-22,5.21,"Downstream2B"
2018-07-23,3.92,"Downstream2B"
2018-07-24,4.37,"Downstream2B"
2018-07-25,1.47,"Downstream2B"
2018-07-26,5.36,"Downstream2B"
2018-07-27,0.0266667,"Downstream2B"
2018-07-28,0,"Downstream2B"
2018-07-29,0,"Downstream2B"
2018-07-30,0,"Downstream2B"
2018-07-31,0.00666667,"Downstream2B"
2018-08-01,0.273333,"Downstream2B"
2018-08-02,3.64,"Downstream2B"
2018-08-03,0.00333333,"Downstream2B"
2018-08-04,0,"Downstream2B"
2018-08-07,0,"Downstream2B"
2018-08-08,0,"Downstream2B"
2018-08-10,6.11333,"Downstream2B"
2018-08-11,6.05333,"Downstream2B"
2018-08-12,5.50333,"Downstream2B"
2018-08-13,5.97,"Downstream2B"
2018-08-14,6.45,"Downstream2B"
2018-08-15,6.14,"Downstream2B"
2018-08-16,5.92333,"Downstream2B"
2018-08-17,5.18333,"Downstream2B"
2018-08-18,4.71667,"Downstream2B"
2018-08-19,5.41,"Downstream2B"
2018-08-20,5.88333,"Downstream2B"
2018-08-21,6.40333,"Downstream2B"
2018-08-22,6.29667,"Downstream2B"
2018-08-23,6.01,"Downstream2B"
2018-08-24,4.58,"Downstream2B"
2018-08-25,6.84333,"Downstream2B"
2018-08-26,6.75,"Downstream2B"
2018-08-27,6.53333,"Downstream2B"
2018-08-28,5.97,"Downstream2B"
2018-08-29,5.90667,"Downstream2B"
2018-08-30,5.75667,"Downstream2B"
2018-08-31,5.85,"Downstream2B"
2018-09-01,5.18333,"Downstream2B"
2018-09-02,4.56333,"Downstream2B"
2018-09-03,3.87,"Downstream2B"
2018-09-04,5.37667,"Downstream2B"
2018-09-05,5.63,"Downstream2B"
2018-09-06,6.21333,"Downstream2B"
2018-09-07,6.13333,"Downstream2B"
2018-09-08,6.04,"Downstream2B"
2018-09-09,6.02667,"Downstream2B"
2018-09-10,5.98667,"Downstream2B"
2018-09-11,5.36333,"Downstream2B"
2018-09-12,5.44667,"Downstream2B"
2018-09-13,5.03333,"Downstream2B"
2018-09-14,5.24667,"Downstream2B"
2018-09-15,5.54333,"Downstream2B"
2018-09-16,6.73,"Downstream2B"
2018-09-17,6.86667,"Downstream2B"
2018-09-18,6.41667,"Downstream2B"
2018-09-19,3.88333,"Downstream2B"
2018-09-20,2.64,"Downstream2B"
2018-09-21,1.78667,"Downstream2B"
2018-09-22,0.823333,"Downstream2B"
2018-09-23,0,"Downstream2B"
2018-09-24,0,"Downstream2B"
2018-09-25,0,"Downstream2B"
2018-09-26,0.00333333,"Downstream2B"
2018-09-27,0,"Downstream2B"
2018-09-28,0.00333333,"Downstream2B"
2018-09-29,0.67,"Downstream2B"
2018-09-30,4.27,"Downstream2B"
2018-10-01,5.92667,"Downstream2B"
2018-10-02,6.29,"Downstream2B"
2018-10-03,5.79667,"Downstream2B"
2018-10-04,6.56667,"Downstream2B"
2018-10-05,6.48333,"Downstream2B"
2018-10-06,4.66,"Downstream2B"
2018-10-07,4.80333,"Downstream2B"
2018-10-08,5.45,"Downstream2B"
2018-10-09,5.56333,"Downstream2B"
2018-10-10,0.27,"Downstream2B"
2018-10-11,2.62333,"Downstream2B"
2018-10-12,5.84,"Downstream2B"
2018-10-13,6.87667,"Downstream2B"
2018-10-14,7.08333,"Downstream2B"
2018-10-15,7.05667,"Downstream2B"
2018-10-16,6.90333,"Downstream2B"
2018-10-17,7.24333,"Downstream2B"
2018-10-18,7.36,"Downstream2B"
2018-10-19,7.29667,"Downstream2B"
2018-10-20,6.39333,"Downstream2B"
2018-10-21,6.74667,"Downstream2B"
2018-10-22,6.38667,"Downstream2B"
2018-10-23,4.25667,"Downstream2B"
2018-10-24,2.33333,"Downstream2B"
2018-10-25,3.09333,"Downstream2B"
2018-10-26,3.11333,"Downstream2B"
2018-10-27,0.00333333,"Downstream2B"
2018-10-28,0.23,"Downstream2B"
2018-10-29,5.20667,"Downstream2B"
2018-10-30,2.06333,"Downstream2B"
2018-10-31,0,"Downstream2B"
2018-11-01,0.04,"Downstream2B"
2018-11-02,4.29333,"Downstream2B"
2018-11-03,0.0833333,"Downstream2B"
2018-11-04,0,"Downstream2B"
2018-11-05,0,"Downstream2B"
2018-11-06,0.103333,"Downstream2B"
2018-11-07,0.0733333,"Downstream2B"
2019-05-16,7.65667,"Downstream2B"
2019-05-17,7.38,"Downstream2B"
2019-05-18,6.90667,"Downstream2B"
2019-05-19,6.68333,"Downstream2B"
2019-05-20,6.43,"Downstream2B"
2019-05-21,6.21333,"Downstream2B"
2019-05-22,6.24667,"Downstream2B"
2019-05-23,6.60667,"Downstream2B"
2019-05-24,6.13,"Downstream2B"
2019-05-25,5.8,"Downstream2B"
2019-05-26,5.34333,"Downstream2B"
2019-05-27,5.04333,"Downstream2B"
2019-05-28,4.66667,"Downstream2B"
2019-05-29,4.95333,"Downstream2B"
2019-05-30,4.65667,"Downstream2B"
2019-05-31,4.1,"Downstream2B"
2019-06-01,2.29667,"Downstream2B"
2019-06-02,3.25,"Downstream2B"
2019-06-03,3.31667,"Downstream2B"
2019-06-04,5.58,"Downstream2B"
NA,NA,"Downstream2B"
