"Date","Upstream2_MinDO","Location.x","Impoundment1_MinDO","Location.y","Diff"
2013-10-11,5.90667,"Upstream2",NA,NA,NA
2013-10-12,3.16,"Upstream2",NA,NA,NA
2013-10-13,0.95,"Upstream2",NA,NA,NA
2013-10-14,0.12,"Upstream2",NA,NA,NA
2013-10-15,0.01,"Upstream2",NA,NA,NA
2013-10-16,0,"Upstream2",NA,NA,NA
2013-10-19,7.47,"Upstream2",NA,NA,NA
2013-10-20,7.29,"Upstream2",NA,NA,NA
2013-10-21,7.68,"Upstream2",NA,NA,NA
2013-10-22,7.59333,"Upstream2",NA,NA,NA
2013-10-23,7.46667,"Upstream2",NA,NA,NA
2013-10-24,7.55667,"Upstream2",NA,NA,NA
2013-10-25,7.90667,"Upstream2",NA,NA,NA
2013-10-26,7.69,"Upstream2",NA,NA,NA
2013-10-27,7.82333,"Upstream2",NA,NA,NA
2013-10-28,8.46,"Upstream2",NA,NA,NA
2013-10-29,8.23,"Upstream2",NA,NA,NA
2013-10-30,8.07333,"Upstream2",NA,NA,NA
2013-10-31,7.94,"Upstream2",NA,NA,NA
2013-11-01,7.42667,"Upstream2",NA,NA,NA
2013-11-02,6.72667,"Upstream2",NA,NA,NA
2013-11-03,6.76,"Upstream2",NA,NA,NA
2013-11-04,7.80333,"Upstream2",NA,NA,NA
2013-11-05,8.39667,"Upstream2",NA,NA,NA
2013-11-06,8.44333,"Upstream2",NA,NA,NA
2013-11-07,7.85333,"Upstream2",NA,NA,NA
2013-11-08,7.98667,"Upstream2",NA,NA,NA
2013-11-09,8.78667,"Upstream2",NA,NA,NA
2013-11-10,8.69667,"Upstream2",NA,NA,NA
2013-11-11,8.54333,"Upstream2",NA,NA,NA
2013-11-12,8.62333,"Upstream2",NA,NA,NA
2013-11-13,8.28,"Upstream2",NA,NA,NA
2013-11-14,9.33667,"Upstream2",NA,NA,NA
2013-11-15,9.36,"Upstream2",NA,NA,NA
2013-11-16,8.56333,"Upstream2",NA,NA,NA
2013-11-17,7.98333,"Upstream2",NA,NA,NA
2013-11-18,7.72333,"Upstream2",NA,NA,NA
2013-11-19,8.03667,"Upstream2",NA,NA,NA
2013-11-20,9.01667,"Upstream2",NA,NA,NA
2013-11-21,9.18,"Upstream2",NA,NA,NA
2013-11-22,8.75667,"Upstream2",NA,NA,NA
2013-11-23,8.12,"Upstream2",NA,NA,NA
2013-11-24,8.67667,"Upstream2",NA,NA,NA
2013-11-25,10.1933,"Upstream2",NA,NA,NA
2013-11-26,9.96667,"Upstream2",NA,NA,NA
2013-11-27,9.09667,"Upstream2",NA,NA,NA
2013-11-28,9.65667,"Upstream2",NA,NA,NA
2013-11-29,10.4267,"Upstream2",NA,NA,NA
2013-11-30,10.5233,"Upstream2",NA,NA,NA
2013-12-01,10.3467,"Upstream2",NA,NA,NA
2013-12-02,9.72333,"Upstream2",NA,NA,NA
2013-12-03,9.59,"Upstream2",NA,NA,NA
2013-12-04,9.76,"Upstream2",NA,NA,NA
2013-12-05,9.38667,"Upstream2",NA,NA,NA
2013-12-06,8.96667,"Upstream2",NA,NA,NA
2013-12-07,8.52333,"Upstream2",NA,NA,NA
2013-12-08,9.40667,"Upstream2",NA,NA,NA
2013-12-09,10.1233,"Upstream2",NA,NA,NA
2013-12-10,9.12667,"Upstream2",NA,NA,NA
2013-12-11,9.83,"Upstream2",NA,NA,NA
2013-12-12,10.4167,"Upstream2",NA,NA,NA
2013-12-13,10.93,"Upstream2",NA,NA,NA
2013-12-14,10.3267,"Upstream2",11.16,"Impoundment1",0.833299999999999
2013-12-15,11.0567,"Upstream2",10.6033,"Impoundment1",-0.453399999999998
2013-12-16,10.9967,"Upstream2",10.4067,"Impoundment1",-0.59
2013-12-17,11.2867,"Upstream2",10.6933,"Impoundment1",-0.593399999999999
2013-12-18,11.0233,"Upstream2",10.5067,"Impoundment1",-0.5166
2013-12-19,11.5667,"Upstream2",10.86,"Impoundment1",-0.706700000000001
2013-12-20,11.25,"Upstream2",10.8567,"Impoundment1",-0.3933
2013-12-21,10.58,"Upstream2",10.1567,"Impoundment1",-0.423299999999999
2013-12-22,9.64,"Upstream2",9.25333,"Impoundment1",-0.386670000000001
2013-12-23,8.97667,"Upstream2",8.54,"Impoundment1",-0.436670000000001
2013-12-24,8.96667,"Upstream2",8.48,"Impoundment1",-0.48667
2013-12-25,10.2633,"Upstream2",9.50667,"Impoundment1",-0.756629999999999
2013-12-26,11.5267,"Upstream2",10.92,"Impoundment1",-0.6067
2013-12-27,11.2667,"Upstream2",10.85,"Impoundment1",-0.416700000000001
2013-12-28,11.4067,"Upstream2",10.9833,"Impoundment1",-0.423400000000001
2013-12-29,10.5333,"Upstream2",9.47,"Impoundment1",-1.0633
2013-12-30,10.41,"Upstream2",0,"Impoundment1",-10.41
2013-12-31,11.2233,"Upstream2",0.01,"Impoundment1",-11.2133
2014-01-01,11.9567,"Upstream2",0.166667,"Impoundment1",-11.790033
2014-01-02,12.0433,"Upstream2",11.2,"Impoundment1",-0.843300000000001
2014-01-03,11.9767,"Upstream2",9.69,"Impoundment1",-2.2867
2014-01-04,12.5567,"Upstream2",10.17,"Impoundment1",-2.3867
2014-01-05,12.6433,"Upstream2",5.41667,"Impoundment1",-7.22663
2014-01-06,11.85,"Upstream2",5.21333,"Impoundment1",-6.63667
2014-01-07,11.7033,"Upstream2",0.206667,"Impoundment1",-11.496633
2014-01-08,12.72,"Upstream2",NA,NA,NA
2014-01-09,12.5967,"Upstream2",NA,NA,NA
2014-01-10,11.97,"Upstream2",NA,NA,NA
2014-01-11,11.1467,"Upstream2",NA,NA,NA
2014-01-12,10.9467,"Upstream2",NA,NA,NA
2014-01-13,11.4833,"Upstream2",NA,NA,NA
2014-01-14,10.5133,"Upstream2",NA,NA,NA
2014-01-15,12.4033,"Upstream2",NA,NA,NA
2014-01-16,11.58,"Upstream2",NA,NA,NA
2014-01-17,12.8033,"Upstream2",NA,NA,NA
2014-01-18,12.7133,"Upstream2",NA,NA,NA
2014-01-19,12.7067,"Upstream2",NA,NA,NA
2014-01-20,12.91,"Upstream2",NA,NA,NA
2014-01-21,12.0067,"Upstream2",NA,NA,NA
2014-01-22,12.6733,"Upstream2",NA,NA,NA
2014-01-23,12.6767,"Upstream2",NA,NA,NA
2014-01-24,12.2033,"Upstream2",NA,NA,NA
2014-01-25,12.62,"Upstream2",NA,NA,NA
2014-01-26,12.0567,"Upstream2",12.27,"Impoundment1",0.2133
2014-01-27,12.4033,"Upstream2",11.7733,"Impoundment1",-0.629999999999999
2014-01-28,12.1067,"Upstream2",11.4433,"Impoundment1",-0.663399999999999
2014-01-29,13.1467,"Upstream2",12.36,"Impoundment1",-0.7867
2014-01-30,13.4333,"Upstream2",12.6833,"Impoundment1",-0.75
2014-01-31,13.3233,"Upstream2",12.6233,"Impoundment1",-0.699999999999999
2014-02-01,12.95,"Upstream2",12.2767,"Impoundment1",-0.673299999999999
2014-02-02,12.3767,"Upstream2",11.75,"Impoundment1",-0.6267
2014-02-03,11.9867,"Upstream2",11.0833,"Impoundment1",-0.903400000000001
2014-02-04,11.9,"Upstream2",11.1033,"Impoundment1",-0.7967
2014-02-05,12.0167,"Upstream2",11.4667,"Impoundment1",-0.550000000000001
2014-02-06,12.4467,"Upstream2",11.59,"Impoundment1",-0.8567
2014-02-07,12.7333,"Upstream2",11.8633,"Impoundment1",-0.869999999999999
2014-02-08,12.18,"Upstream2",11.16,"Impoundment1",-1.02
2014-02-09,12.3,"Upstream2",11.4533,"Impoundment1",-0.8467
2014-02-10,12.2933,"Upstream2",11.6167,"Impoundment1",-0.676600000000001
2014-02-11,12.8067,"Upstream2",12.08,"Impoundment1",-0.726699999999999
2014-02-12,13.06,"Upstream2",12.3667,"Impoundment1",-0.693300000000001
2014-02-13,13.13,"Upstream2",12.52,"Impoundment1",-0.610000000000001
2014-02-14,12.8167,"Upstream2",11.76,"Impoundment1",-1.0567
2014-02-15,12.83,"Upstream2",11.77,"Impoundment1",-1.06
2014-02-16,12.99,"Upstream2",10.9167,"Impoundment1",-2.0733
2014-02-17,13.0033,"Upstream2",11.2233,"Impoundment1",-1.78
2014-02-18,13.1333,"Upstream2",12.42,"Impoundment1",-0.7133
2014-02-19,13.61,"Upstream2",12.89,"Impoundment1",-0.719999999999999
2014-02-20,13.5967,"Upstream2",10.76,"Impoundment1",-2.8367
2014-02-21,12.3467,"Upstream2",0.51,"Impoundment1",-11.8367
2014-02-22,12.5267,"Upstream2",0,"Impoundment1",-12.5267
2014-02-23,12.8933,"Upstream2",NA,NA,NA
2014-02-24,12.8867,"Upstream2",NA,NA,NA
2014-02-25,12.9533,"Upstream2",0.00666667,"Impoundment1",-12.94663333
2014-02-26,12.0367,"Upstream2",NA,NA,NA
2014-02-27,11.88,"Upstream2",0.0166667,"Impoundment1",-11.8633333
2014-02-28,11.7533,"Upstream2",0.01,"Impoundment1",-11.7433
2014-03-01,11.7133,"Upstream2",NA,NA,NA
2014-03-02,11.0967,"Upstream2",NA,NA,NA
2014-03-03,10.9667,"Upstream2",NA,NA,NA
2014-03-04,11.4933,"Upstream2",NA,NA,NA
2014-03-05,10.6267,"Upstream2",NA,NA,NA
2014-03-06,10.5667,"Upstream2",NA,NA,NA
2014-03-07,11.86,"Upstream2",NA,NA,NA
2014-03-08,12.2133,"Upstream2",NA,NA,NA
2014-06-03,8.52667,"Upstream2",8.45,"Impoundment1",-0.07667
2014-06-04,9.55,"Upstream2",9.54667,"Impoundment1",-0.00333000000000006
2014-06-05,9.18667,"Upstream2",9.15333,"Impoundment1",-0.033339999999999
2014-06-06,8.49,"Upstream2",8.49,"Impoundment1",0
2014-06-07,8.58,"Upstream2",8.59333,"Impoundment1",0.0133299999999998
2014-06-08,8.57,"Upstream2",8.58333,"Impoundment1",0.0133299999999998
2014-06-09,8.57,"Upstream2",8.57667,"Impoundment1",0.00666999999999973
2014-06-10,6.22333,"Upstream2",5.87333,"Impoundment1",-0.35
2014-06-11,6.02,"Upstream2",4.99667,"Impoundment1",-1.02333
2014-06-12,6.14333,"Upstream2",5.64,"Impoundment1",-0.50333
2014-06-13,6.25333,"Upstream2",5.72,"Impoundment1",-0.53333
2014-06-14,6.47667,"Upstream2",5.95333,"Impoundment1",-0.52334
2014-06-15,6.36667,"Upstream2",5.96667,"Impoundment1",-0.4
2014-06-16,6.33667,"Upstream2",5.52,"Impoundment1",-0.81667
2014-06-17,6.03667,"Upstream2",5.53333,"Impoundment1",-0.50334
2014-06-18,5.97,"Upstream2",5.36333,"Impoundment1",-0.606669999999999
2014-06-19,6.10667,"Upstream2",5.82,"Impoundment1",-0.28667
2014-06-20,5.99,"Upstream2",5.75,"Impoundment1",-0.24
2014-06-21,5.84,"Upstream2",5.51333,"Impoundment1",-0.32667
2014-06-22,5.79,"Upstream2",5.41667,"Impoundment1",-0.37333
2014-06-23,5.95333,"Upstream2",5.73,"Impoundment1",-0.22333
2014-06-24,5.90333,"Upstream2",5.38667,"Impoundment1",-0.516660000000001
2014-06-25,5.77667,"Upstream2",5.60333,"Impoundment1",-0.17334
2014-06-26,5.11667,"Upstream2",4.46,"Impoundment1",-0.65667
2014-06-27,5.87,"Upstream2",5.7,"Impoundment1",-0.17
2014-06-28,6.13667,"Upstream2",5.83667,"Impoundment1",-0.3
2014-06-29,6.12667,"Upstream2",5.43333,"Impoundment1",-0.69334
2014-06-30,6.01667,"Upstream2",4.85,"Impoundment1",-1.16667
2014-07-01,5.73,"Upstream2",3.58,"Impoundment1",-2.15
2014-07-02,5.53,"Upstream2",2.35333,"Impoundment1",-3.17667
2014-07-03,5.95,"Upstream2",5.59,"Impoundment1",-0.36
2014-07-04,5.79667,"Upstream2",5.68,"Impoundment1",-0.11667
2014-07-05,6.06333,"Upstream2",5.78667,"Impoundment1",-0.27666
2014-07-06,6.17,"Upstream2",5.83,"Impoundment1",-0.34
2014-07-07,6.02,"Upstream2",4.25,"Impoundment1",-1.77
2014-07-08,5.79,"Upstream2",1.45,"Impoundment1",-4.34
2014-07-09,5.62,"Upstream2",1.52333,"Impoundment1",-4.09667
2014-07-10,6.08667,"Upstream2",5.03667,"Impoundment1",-1.05
2014-07-11,6.07,"Upstream2",4.81667,"Impoundment1",-1.25333
2014-07-12,6.16667,"Upstream2",4.73667,"Impoundment1",-1.43
2014-07-13,5.87667,"Upstream2",3.68667,"Impoundment1",-2.19
2014-07-14,5.64,"Upstream2",2.33,"Impoundment1",-3.31
2014-07-15,4.95667,"Upstream2",0.826667,"Impoundment1",-4.130003
2014-07-16,5.93333,"Upstream2",0,"Impoundment1",-5.93333
2014-07-17,5.82,"Upstream2",0,"Impoundment1",-5.82
2014-07-18,5.4,"Upstream2",6.95667,"Impoundment1",1.55667
2014-07-19,6.43333,"Upstream2",6.15667,"Impoundment1",-0.27666
2014-07-20,6.31333,"Upstream2",6.11333,"Impoundment1",-0.199999999999999
2014-07-21,6.2,"Upstream2",6.04333,"Impoundment1",-0.15667
2014-07-22,6.17,"Upstream2",6.07667,"Impoundment1",-0.0933299999999999
2014-07-23,5.74333,"Upstream2",5.94,"Impoundment1",0.19667
2014-07-24,5.3,"Upstream2",5.13333,"Impoundment1",-0.16667
2014-07-25,6,"Upstream2",3.95667,"Impoundment1",-2.04333
2014-07-26,6.10667,"Upstream2",1.43,"Impoundment1",-4.67667
2014-07-27,5.77667,"Upstream2",1.31667,"Impoundment1",-4.46
2014-07-28,6.43333,"Upstream2",6.01333,"Impoundment1",-0.42
2014-07-29,6.36667,"Upstream2",5.87333,"Impoundment1",-0.49334
2014-07-30,6.42,"Upstream2",5.87333,"Impoundment1",-0.54667
2014-07-31,6.39,"Upstream2",5.18,"Impoundment1",-1.21
2014-08-01,6.63,"Upstream2",4.54333,"Impoundment1",-2.08667
2014-08-02,9.18333,"Upstream2",4.22333,"Impoundment1",-4.96
2014-08-03,7.79333,"Upstream2",4.63667,"Impoundment1",-3.15666
2014-08-04,8.35333,"Upstream2",5.49667,"Impoundment1",-2.85666
2014-08-05,8.18667,"Upstream2",4.77667,"Impoundment1",-3.41
2014-08-06,7.03,"Upstream2",2.41,"Impoundment1",-4.62
2014-08-07,6.54333,"Upstream2",6.17333,"Impoundment1",-0.37
2014-08-08,6.64333,"Upstream2",6.21333,"Impoundment1",-0.43
2014-08-09,6.77667,"Upstream2",6.35333,"Impoundment1",-0.42334
2014-08-10,7.09667,"Upstream2",6.68333,"Impoundment1",-0.41334
2014-08-11,6.97667,"Upstream2",6.29,"Impoundment1",-0.68667
2014-08-12,6.76333,"Upstream2",5.82667,"Impoundment1",-0.93666
2014-08-13,6.43,"Upstream2",6.17333,"Impoundment1",-0.25667
2014-08-14,6.62,"Upstream2",6.47333,"Impoundment1",-0.14667
2014-08-15,6.51333,"Upstream2",4.08333,"Impoundment1",-2.43
2014-08-16,6.56667,"Upstream2",1.73333,"Impoundment1",-4.83334
2014-08-17,6.3,"Upstream2",2.98667,"Impoundment1",-3.31333
2014-08-18,6.33,"Upstream2",2.72,"Impoundment1",-3.61
2014-08-20,6.71,"Upstream2",6.37,"Impoundment1",-0.34
2014-08-21,6.43,"Upstream2",5.97333,"Impoundment1",-0.45667
2014-08-22,6.23667,"Upstream2",5.59667,"Impoundment1",-0.640000000000001
2014-08-23,6.21667,"Upstream2",5.43667,"Impoundment1",-0.779999999999999
2014-08-24,6.39333,"Upstream2",5.74333,"Impoundment1",-0.649999999999999
2014-08-25,6.53,"Upstream2",6.09667,"Impoundment1",-0.433330000000001
2014-08-26,6.59,"Upstream2",6.24333,"Impoundment1",-0.34667
2014-08-27,6.77667,"Upstream2",6.39667,"Impoundment1",-0.38
2014-08-28,6.67,"Upstream2",6.17333,"Impoundment1",-0.49667
2014-08-29,6.43333,"Upstream2",5.76667,"Impoundment1",-0.666659999999999
2014-08-30,6.58667,"Upstream2",5.45,"Impoundment1",-1.13667
2014-08-31,6.38667,"Upstream2",3.15667,"Impoundment1",-3.23
2014-09-01,6.13667,"Upstream2",1.38667,"Impoundment1",-4.75
2014-09-02,6.15667,"Upstream2",0.846667,"Impoundment1",-5.310003
2014-09-03,5.93333,"Upstream2",0.81,"Impoundment1",-5.12333
2014-09-04,5.36,"Upstream2",0.26,"Impoundment1",-5.1
2014-09-05,6.41333,"Upstream2",2.52667,"Impoundment1",-3.88666
2014-09-06,6.37333,"Upstream2",0.87,"Impoundment1",-5.50333
2014-09-07,6.23333,"Upstream2",0.306667,"Impoundment1",-5.926663
2014-09-08,6.52333,"Upstream2",0.396667,"Impoundment1",-6.126663
2014-09-09,6.79667,"Upstream2",0,"Impoundment1",-6.79667
2014-09-10,6.63667,"Upstream2",NA,NA,NA
2014-09-11,6.47333,"Upstream2",NA,NA,NA
2014-09-12,6.12333,"Upstream2",6.055,"Impoundment1",-0.0683300000000004
2014-09-13,6.43,"Upstream2",5.95333,"Impoundment1",-0.476669999999999
2014-09-14,6.42667,"Upstream2",1.56333,"Impoundment1",-4.86334
2014-09-15,7.04667,"Upstream2",1.38667,"Impoundment1",-5.66
2014-09-16,6.90667,"Upstream2",0.603333,"Impoundment1",-6.303337
2014-09-17,6.65667,"Upstream2",0.0733333,"Impoundment1",-6.5833367
2014-09-18,6.72333,"Upstream2",0,"Impoundment1",-6.72333
2014-09-19,6.94333,"Upstream2",6.56,"Impoundment1",-0.38333
2014-09-20,7.04,"Upstream2",6.68667,"Impoundment1",-0.35333
2014-09-21,6.93667,"Upstream2",6.52,"Impoundment1",-0.416670000000001
2014-09-22,6.74667,"Upstream2",6.28333,"Impoundment1",-0.46334
2014-09-23,6.98333,"Upstream2",6.61667,"Impoundment1",-0.36666
2014-09-24,7.62667,"Upstream2",7.4,"Impoundment1",-0.226669999999999
2014-09-25,7.79667,"Upstream2",7.79,"Impoundment1",-0.00666999999999973
2014-09-26,7.66667,"Upstream2",7.44,"Impoundment1",-0.226669999999999
2014-09-27,7.57667,"Upstream2",7.31333,"Impoundment1",-0.26334
2014-09-28,7.50333,"Upstream2",7.20333,"Impoundment1",-0.3
2014-09-29,7.4,"Upstream2",7.02667,"Impoundment1",-0.37333
2014-09-30,7.53,"Upstream2",7.22,"Impoundment1",-0.31
2014-10-01,7.56,"Upstream2",7.29333,"Impoundment1",-0.26667
2014-10-02,7.46667,"Upstream2",7.20333,"Impoundment1",-0.263339999999999
2014-10-03,7.30333,"Upstream2",6.98,"Impoundment1",-0.323329999999999
2014-10-04,7.03333,"Upstream2",6.7,"Impoundment1",-0.33333
2014-10-05,7.22667,"Upstream2",6.88,"Impoundment1",-0.34667
2014-10-06,7.80333,"Upstream2",7.63,"Impoundment1",-0.17333
2014-10-07,7.62333,"Upstream2",7.32333,"Impoundment1",-0.3
2014-10-08,7.57,"Upstream2",7.36333,"Impoundment1",-0.20667
2014-10-09,7.46667,"Upstream2",7.22667,"Impoundment1",-0.239999999999999
2014-10-10,7.60333,"Upstream2",7.34,"Impoundment1",-0.26333
2014-10-11,7.27333,"Upstream2",6.77,"Impoundment1",-0.50333
2014-10-12,7.19,"Upstream2",6.72667,"Impoundment1",-0.46333
2014-10-13,7.59,"Upstream2",7.17667,"Impoundment1",-0.41333
2014-10-14,7.44,"Upstream2",7.10333,"Impoundment1",-0.336670000000001
2014-10-15,7.20333,"Upstream2",6.66667,"Impoundment1",-0.53666
2014-10-16,7.43,"Upstream2",7.20667,"Impoundment1",-0.22333
2014-10-17,7.59667,"Upstream2",7.41,"Impoundment1",-0.186669999999999
2014-10-18,7.6,"Upstream2",7.45333,"Impoundment1",-0.146669999999999
2014-10-19,7.56333,"Upstream2",7.39333,"Impoundment1",-0.17
2014-10-20,7.78667,"Upstream2",7.79,"Impoundment1",0.00333000000000006
2014-10-21,7.74667,"Upstream2",7.47667,"Impoundment1",-0.27
2014-10-22,7.97667,"Upstream2",7.81,"Impoundment1",-0.166670000000001
2014-10-23,8.23333,"Upstream2",8.04667,"Impoundment1",-0.18666
2014-10-24,8.18667,"Upstream2",8.05333,"Impoundment1",-0.133339999999999
2014-10-25,8.22,"Upstream2",7.97667,"Impoundment1",-0.24333
2014-10-26,8.15667,"Upstream2",7.95,"Impoundment1",-0.20667
2014-10-27,8.05,"Upstream2",7.81333,"Impoundment1",-0.236670000000001
2014-10-28,8.04333,"Upstream2",7.91667,"Impoundment1",-0.126659999999999
2014-10-29,8.02,"Upstream2",7.79667,"Impoundment1",-0.22333
2014-10-30,7.68333,"Upstream2",7.48333,"Impoundment1",-0.2
2014-10-31,8.11667,"Upstream2",7.79667,"Impoundment1",-0.319999999999999
2014-11-01,8.17667,"Upstream2",8.00667,"Impoundment1",-0.17
2014-11-02,8.48333,"Upstream2",8.30667,"Impoundment1",-0.17666
2014-11-03,8.9,"Upstream2",8.88667,"Impoundment1",-0.0133299999999998
2014-11-04,8.53667,"Upstream2",8.72,"Impoundment1",0.18333
2014-11-05,8.82667,"Upstream2",8.67333,"Impoundment1",-0.15334
2014-11-06,8.36667,"Upstream2",8.18333,"Impoundment1",-0.183339999999999
2014-11-07,8.23333,"Upstream2",7.86,"Impoundment1",-0.37333
2014-11-08,8.87,"Upstream2",8.37,"Impoundment1",-0.5
2014-11-09,8.87333,"Upstream2",8.80333,"Impoundment1",-0.0699999999999985
2014-11-10,8.96667,"Upstream2",8.83667,"Impoundment1",-0.130000000000001
2014-11-11,8.81667,"Upstream2",8.74,"Impoundment1",-0.07667
2014-11-12,8.29667,"Upstream2",8.18333,"Impoundment1",-0.113340000000001
2014-11-13,8.29,"Upstream2",8.04,"Impoundment1",-0.25
2014-11-14,9.01333,"Upstream2",8.67667,"Impoundment1",-0.33666
2014-11-15,9.90667,"Upstream2",9.60667,"Impoundment1",-0.300000000000001
2014-11-16,10.0633,"Upstream2",10.2567,"Impoundment1",0.1934
2014-11-17,9.39333,"Upstream2",9.52333,"Impoundment1",0.129999999999999
2014-11-18,8.30333,"Upstream2",8.43667,"Impoundment1",0.133339999999999
2014-11-19,10.2633,"Upstream2",9.24,"Impoundment1",-1.0233
2014-11-20,10.3267,"Upstream2",10.63,"Impoundment1",0.3033
2014-11-21,10.0333,"Upstream2",10.2833,"Impoundment1",0.25
2014-11-22,10.94,"Upstream2",11.1167,"Impoundment1",0.1767
2014-11-23,10.6567,"Upstream2",10.9633,"Impoundment1",0.3066
2014-11-24,8.86,"Upstream2",8.63333,"Impoundment1",-0.226669999999999
2014-11-25,8.63,"Upstream2",7.98667,"Impoundment1",-0.643330000000001
2014-11-26,9.09,"Upstream2",8.31667,"Impoundment1",-0.77333
2014-11-27,9.82,"Upstream2",9.64,"Impoundment1",-0.18
2014-11-28,10.1267,"Upstream2",10,"Impoundment1",-0.1267
2014-11-29,10.67,"Upstream2",10.7133,"Impoundment1",0.0433000000000003
2014-11-30,10.6333,"Upstream2",10.68,"Impoundment1",0.0466999999999995
2014-12-01,10.0433,"Upstream2",9.94,"Impoundment1",-0.103300000000001
2014-12-02,10.3733,"Upstream2",10.2133,"Impoundment1",-0.16
2014-12-03,10.6733,"Upstream2",10.5,"Impoundment1",-0.173299999999999
2014-12-04,10.67,"Upstream2",10.4533,"Impoundment1",-0.216699999999999
2014-12-05,11.21,"Upstream2",10.9867,"Impoundment1",-0.2233
2014-12-06,10.65,"Upstream2",10.4233,"Impoundment1",-0.226700000000001
2014-12-07,10.54,"Upstream2",10.3433,"Impoundment1",-0.1967
2014-12-08,10.9367,"Upstream2",10.79,"Impoundment1",-0.146700000000001
2014-12-09,10.7067,"Upstream2",10.5633,"Impoundment1",-0.1434
2014-12-10,10.8867,"Upstream2",10.6967,"Impoundment1",-0.19
2014-12-11,10.9133,"Upstream2",10.7567,"Impoundment1",-0.156599999999999
2014-12-12,11.1933,"Upstream2",11.0833,"Impoundment1",-0.110000000000001
2014-12-13,11.2233,"Upstream2",11.1233,"Impoundment1",-0.0999999999999996
2014-12-14,11.0367,"Upstream2",10.9767,"Impoundment1",-0.0600000000000005
2014-12-15,11.0233,"Upstream2",10.93,"Impoundment1",-0.093300000000001
2014-12-16,11.2733,"Upstream2",11.06,"Impoundment1",-0.2133
2014-12-17,11.1833,"Upstream2",10.98,"Impoundment1",-0.203299999999999
2014-12-18,11.24,"Upstream2",11.0333,"Impoundment1",-0.2067
2014-12-19,11.3133,"Upstream2",11.1267,"Impoundment1",-0.1866
2014-12-20,11.37,"Upstream2",11.19,"Impoundment1",-0.18
2014-12-21,11.4633,"Upstream2",11.27,"Impoundment1",-0.193300000000001
2014-12-22,11.4133,"Upstream2",11.2533,"Impoundment1",-0.16
2014-12-23,11.41,"Upstream2",11.24,"Impoundment1",-0.17
2014-12-24,10.82,"Upstream2",10.6167,"Impoundment1",-0.2033
2014-12-25,10.45,"Upstream2",10.21,"Impoundment1",-0.239999999999998
2014-12-26,10.99,"Upstream2",10.6733,"Impoundment1",-0.316700000000001
2014-12-27,11.2567,"Upstream2",11.1067,"Impoundment1",-0.15
2014-12-28,11.1267,"Upstream2",10.9833,"Impoundment1",-0.1434
2014-12-29,10.88,"Upstream2",10.7367,"Impoundment1",-0.1433
2014-12-30,10.9733,"Upstream2",10.7367,"Impoundment1",-0.236599999999999
2014-12-31,12.17,"Upstream2",11.99,"Impoundment1",-0.18
2015-01-01,12.4233,"Upstream2",12.2067,"Impoundment1",-0.2166
2015-01-02,12.3533,"Upstream2",12.18,"Impoundment1",-0.173300000000001
2015-02-09,8.78667,"Upstream2",8.70333,"Impoundment1",-0.0833400000000015
2015-02-10,11.49,"Upstream2",11.3367,"Impoundment1",-0.1533
2015-02-11,12.08,"Upstream2",12.0067,"Impoundment1",-0.0732999999999997
2015-02-12,13.0967,"Upstream2",12.84,"Impoundment1",-0.2567
2015-02-13,12.7933,"Upstream2",12.7233,"Impoundment1",-0.0700000000000003
2015-02-14,12.76,"Upstream2",12.7533,"Impoundment1",-0.00670000000000037
2015-02-15,12.54,"Upstream2",12.56,"Impoundment1",0.0200000000000014
2015-02-16,13.07,"Upstream2",13.09,"Impoundment1",0.0199999999999996
2015-02-17,13.0733,"Upstream2",13.1233,"Impoundment1",0.0500000000000007
2015-02-18,13.0933,"Upstream2",13.1133,"Impoundment1",0.0200000000000014
2015-02-19,12.8233,"Upstream2",12.9033,"Impoundment1",0.0800000000000001
2015-02-20,13.3467,"Upstream2",13.4233,"Impoundment1",0.0765999999999991
2015-02-21,13.47,"Upstream2",13.5867,"Impoundment1",0.1167
2015-02-22,13.1567,"Upstream2",13.19,"Impoundment1",0.0332999999999988
2015-02-23,12.8833,"Upstream2",12.8067,"Impoundment1",-0.0766000000000009
2015-02-24,13.1133,"Upstream2",13.1067,"Impoundment1",-0.00660000000000061
2015-02-25,13.2767,"Upstream2",13.3467,"Impoundment1",0.0700000000000003
2015-02-26,13.1833,"Upstream2",13.23,"Impoundment1",0.0467000000000013
2015-02-27,13.4967,"Upstream2",13.53,"Impoundment1",0.0332999999999988
2015-02-28,13.7133,"Upstream2",13.6533,"Impoundment1",-0.0600000000000005
2015-03-01,13.9833,"Upstream2",13.9667,"Impoundment1",-0.0166000000000004
2015-03-02,13.7367,"Upstream2",13.7167,"Impoundment1",-0.0200000000000014
2015-03-03,13.89,"Upstream2",13.7967,"Impoundment1",-0.093300000000001
2015-03-04,14.1433,"Upstream2",14.14,"Impoundment1",-0.00329999999999941
2015-03-05,13.3767,"Upstream2",13.4533,"Impoundment1",0.0766000000000009
2015-03-06,13.28,"Upstream2",13.2367,"Impoundment1",-0.0432999999999986
2015-03-07,13.9933,"Upstream2",13.9367,"Impoundment1",-0.0565999999999995
2015-03-08,13.94,"Upstream2",13.9367,"Impoundment1",-0.00329999999999941
2015-03-09,13.7867,"Upstream2",13.7633,"Impoundment1",-0.0234000000000005
2015-03-10,13.6967,"Upstream2",13.7,"Impoundment1",0.00329999999999941
2015-03-11,12.1633,"Upstream2",12.1267,"Impoundment1",-0.0366
2015-03-12,12.1933,"Upstream2",12.1467,"Impoundment1",-0.0466000000000015
2015-03-13,12.5,"Upstream2",12.5533,"Impoundment1",0.0533000000000001
2015-03-14,11.7,"Upstream2",11.9833,"Impoundment1",0.283300000000001
2015-03-15,11.4933,"Upstream2",11.52,"Impoundment1",0.0266999999999999
2015-03-16,11.3733,"Upstream2",11.4867,"Impoundment1",0.1134
2015-03-17,11.27,"Upstream2",11.56,"Impoundment1",0.290000000000001
2015-03-18,10.83,"Upstream2",11.1333,"Impoundment1",0.3033
2015-03-19,10.5767,"Upstream2",10.7633,"Impoundment1",0.186599999999999
2015-03-20,11.13,"Upstream2",10.9933,"Impoundment1",-0.136700000000001
2015-03-21,11.0967,"Upstream2",10.8867,"Impoundment1",-0.210000000000001
2015-03-22,10.73,"Upstream2",10.3733,"Impoundment1",-0.3567
2015-03-23,10.8567,"Upstream2",10.5267,"Impoundment1",-0.33
2015-03-24,11.7933,"Upstream2",11.4567,"Impoundment1",-0.336600000000001
2015-03-25,11.6667,"Upstream2",11.5733,"Impoundment1",-0.0934000000000008
2015-03-26,10.9133,"Upstream2",10.86,"Impoundment1",-0.0533000000000001
2015-03-27,11.07,"Upstream2",10.94,"Impoundment1",-0.130000000000001
2015-03-28,11.04,"Upstream2",10.9667,"Impoundment1",-0.0732999999999997
2015-03-29,11.07,"Upstream2",11.0167,"Impoundment1",-0.0533000000000001
2015-03-30,11.2133,"Upstream2",11.1933,"Impoundment1",-0.0199999999999996
2015-03-31,10.6567,"Upstream2",10.6767,"Impoundment1",0.0199999999999996
2015-04-01,10.4567,"Upstream2",10.5167,"Impoundment1",0.0600000000000005
2015-04-02,10.4367,"Upstream2",10.5467,"Impoundment1",0.109999999999999
2015-04-03,9.61333,"Upstream2",9.4,"Impoundment1",-0.213329999999999
2015-04-04,9.33667,"Upstream2",8.67,"Impoundment1",-0.66667
2015-04-05,9.76333,"Upstream2",9.13,"Impoundment1",-0.633329999999999
2015-04-06,9.66,"Upstream2",9.13,"Impoundment1",-0.529999999999999
2015-04-07,9.30333,"Upstream2",8.69,"Impoundment1",-0.613330000000001
2015-04-08,8.9,"Upstream2",8.62333,"Impoundment1",-0.276670000000001
2015-04-09,7.68667,"Upstream2",7.42333,"Impoundment1",-0.26334
2015-04-10,5.85667,"Upstream2",7.33667,"Impoundment1",1.48
2015-04-11,7.31333,"Upstream2",9.29333,"Impoundment1",1.98
2015-04-12,7.27,"Upstream2",9.58333,"Impoundment1",2.31333
2015-04-13,8.31333,"Upstream2",9.89333,"Impoundment1",1.58
2015-04-14,8,"Upstream2",9.45,"Impoundment1",1.45
2015-04-15,4.99333,"Upstream2",7.37333,"Impoundment1",2.38
2015-04-16,9.48,"Upstream2",9.23,"Impoundment1",-0.25
2015-04-17,9.37,"Upstream2",9.37333,"Impoundment1",0.00333000000000006
2015-04-18,9.11,"Upstream2",8.98333,"Impoundment1",-0.126669999999999
2015-04-19,8.82333,"Upstream2",8.74667,"Impoundment1",-0.0766600000000004
2015-04-20,7.57,"Upstream2",7.67333,"Impoundment1",0.10333
2015-04-21,7.81667,"Upstream2",7.92,"Impoundment1",0.10333
2015-04-22,9.24667,"Upstream2",9.25,"Impoundment1",0.00333000000000006
2015-04-23,9.53333,"Upstream2",9.48,"Impoundment1",-0.053329999999999
2015-04-24,9.19333,"Upstream2",9.35,"Impoundment1",0.15667
2015-04-25,8.96,"Upstream2",8.82667,"Impoundment1",-0.133330000000001
2015-04-26,8.96,"Upstream2",8.95333,"Impoundment1",-0.00667000000000151
2015-04-27,8.94333,"Upstream2",8.81,"Impoundment1",-0.133329999999999
2015-04-28,8.75667,"Upstream2",8.41333,"Impoundment1",-0.34334
2015-04-29,8.74333,"Upstream2",8.36,"Impoundment1",-0.383330000000001
2015-04-30,8.52,"Upstream2",8.28,"Impoundment1",-0.24
2015-05-01,8.32667,"Upstream2",8.16667,"Impoundment1",-0.16
2015-05-02,8.57667,"Upstream2",8.52333,"Impoundment1",-0.0533400000000004
2015-05-03,8.33333,"Upstream2",8.24,"Impoundment1",-0.0933299999999999
2015-05-04,8.16,"Upstream2",7.98333,"Impoundment1",-0.176670000000001
2015-05-05,8.36333,"Upstream2",8.18667,"Impoundment1",-0.17666
2015-05-06,8.34,"Upstream2",8.24333,"Impoundment1",-0.0966699999999996
2015-05-07,8.04,"Upstream2",8.07667,"Impoundment1",0.0366700000000009
2015-05-08,7.55667,"Upstream2",7.72667,"Impoundment1",0.17
2015-05-09,7.24667,"Upstream2",7.2,"Impoundment1",-0.0466699999999998
2015-05-10,7.01667,"Upstream2",6.76667,"Impoundment1",-0.25
2015-05-11,6.87667,"Upstream2",7.13667,"Impoundment1",0.26
2015-05-12,6.78333,"Upstream2",7.03667,"Impoundment1",0.25334
2015-05-13,6.58333,"Upstream2",6.83,"Impoundment1",0.24667
2015-05-14,6.42,"Upstream2",7.02,"Impoundment1",0.6
2015-05-15,5.85,"Upstream2",7.02,"Impoundment1",1.17
2015-05-16,5.63333,"Upstream2",6.69,"Impoundment1",1.05667
2015-05-17,5.60333,"Upstream2",6.37333,"Impoundment1",0.77
2015-05-18,5.03,"Upstream2",5.85333,"Impoundment1",0.823329999999999
2015-05-19,4.7,"Upstream2",5.38667,"Impoundment1",0.686669999999999
2015-05-20,5.10333,"Upstream2",4.75,"Impoundment1",-0.35333
2015-05-21,5.34667,"Upstream2",4.74667,"Impoundment1",-0.6
2015-05-22,5.49333,"Upstream2",5.50333,"Impoundment1",0.00999999999999979
2015-05-23,4.93667,"Upstream2",5.63333,"Impoundment1",0.69666
2015-05-24,4.23333,"Upstream2",5.28667,"Impoundment1",1.05334
2015-05-25,3.66333,"Upstream2",5.10333,"Impoundment1",1.44
2015-05-26,6.86667,"Upstream2",4.8,"Impoundment1",-2.06667
2015-05-27,6.58333,"Upstream2",4.67333,"Impoundment1",-1.91
2015-05-28,6.47,"Upstream2",6.08,"Impoundment1",-0.39
2015-05-29,6.76333,"Upstream2",6.29667,"Impoundment1",-0.46666
2015-05-30,6.58,"Upstream2",6.26333,"Impoundment1",-0.31667
2015-05-31,6.68,"Upstream2",6.18333,"Impoundment1",-0.49667
2015-06-01,6.5,"Upstream2",5.93667,"Impoundment1",-0.56333
2015-06-02,6.03,"Upstream2",5.61667,"Impoundment1",-0.41333
2015-06-03,6.96667,"Upstream2",6.42333,"Impoundment1",-0.54334
2015-06-04,7.2,"Upstream2",6.79,"Impoundment1",-0.41
2015-06-05,7.32,"Upstream2",6.99,"Impoundment1",-0.33
2015-06-06,7.17,"Upstream2",6.90333,"Impoundment1",-0.26667
2015-06-07,7.29,"Upstream2",6.37,"Impoundment1",-0.92
2015-06-08,7.14667,"Upstream2",6.11667,"Impoundment1",-1.03
2015-06-09,6.82,"Upstream2",6.24333,"Impoundment1",-0.57667
2015-06-10,6.84,"Upstream2",6.30667,"Impoundment1",-0.533329999999999
2015-06-11,6.53667,"Upstream2",5.74,"Impoundment1",-0.79667
2015-06-12,6.48667,"Upstream2",5.65333,"Impoundment1",-0.83334
2015-06-13,6.37667,"Upstream2",5.61333,"Impoundment1",-0.763339999999999
2015-06-14,5.99,"Upstream2",5.08,"Impoundment1",-0.91
2015-06-15,5.85333,"Upstream2",5.03667,"Impoundment1",-0.81666
2015-06-16,6.01667,"Upstream2",4.88,"Impoundment1",-1.13667
2015-06-17,6.06333,"Upstream2",5.38333,"Impoundment1",-0.68
2015-06-18,5.94,"Upstream2",5.11667,"Impoundment1",-0.82333
2015-06-19,5.82667,"Upstream2",5.42,"Impoundment1",-0.40667
2015-06-20,4.86333,"Upstream2",5.52,"Impoundment1",0.656669999999999
2015-06-21,3.27667,"Upstream2",5.27,"Impoundment1",1.99333
2015-06-22,3.37333,"Upstream2",4.98667,"Impoundment1",1.61334
2015-06-23,3.25667,"Upstream2",4.76667,"Impoundment1",1.51
2015-06-24,6.07,"Upstream2",5.32,"Impoundment1",-0.75
2015-06-25,6.08667,"Upstream2",5.4,"Impoundment1",-0.686669999999999
2015-06-26,5.89333,"Upstream2",5.33,"Impoundment1",-0.56333
2015-06-27,5.14667,"Upstream2",5.52333,"Impoundment1",0.376659999999999
2015-06-28,4.96333,"Upstream2",5.57667,"Impoundment1",0.61334
2015-06-29,5.89667,"Upstream2",4.50333,"Impoundment1",-1.39334
2015-06-30,6.02,"Upstream2",5.21333,"Impoundment1",-0.80667
2015-07-01,5.78333,"Upstream2",4.90333,"Impoundment1",-0.88
2017-09-19,7.04667,"Upstream2",6.75667,"Impoundment1",-0.29
2017-09-20,6.69333,"Upstream2",6.27,"Impoundment1",-0.42333
2017-09-22,6.58333,"Upstream2",6.27667,"Impoundment1",-0.30666
2017-09-23,6.54,"Upstream2",6.17667,"Impoundment1",-0.36333
2017-09-24,6.49667,"Upstream2",5.96667,"Impoundment1",-0.53
2017-09-25,6.49667,"Upstream2",5.74,"Impoundment1",-0.75667
2017-09-26,6.35667,"Upstream2",6.06,"Impoundment1",-0.296670000000001
2017-09-27,6.25667,"Upstream2",5.88,"Impoundment1",-0.37667
2017-09-28,6.04667,"Upstream2",4.69667,"Impoundment1",-1.35
2017-09-29,5.58333,"Upstream2",4.25,"Impoundment1",-1.33333
2017-09-30,6.76,"Upstream2",4.76667,"Impoundment1",-1.99333
2017-10-01,6.94,"Upstream2",5.89667,"Impoundment1",-1.04333
2017-10-02,7.02,"Upstream2",6,"Impoundment1",-1.02
2017-10-03,6.85,"Upstream2",6.33,"Impoundment1",-0.52
2017-10-04,7.22667,"Upstream2",7.20667,"Impoundment1",-0.0200000000000005
2017-10-05,7.02667,"Upstream2",7,"Impoundment1",-0.0266700000000002
2017-10-06,6.97,"Upstream2",6.86333,"Impoundment1",-0.106669999999999
2017-10-07,6.83,"Upstream2",6.71333,"Impoundment1",-0.11667
2017-10-08,6.55333,"Upstream2",6.40333,"Impoundment1",-0.149999999999999
2017-10-09,6.35333,"Upstream2",6.01667,"Impoundment1",-0.336659999999999
2017-10-10,5.96,"Upstream2",5.72667,"Impoundment1",-0.23333
2017-10-11,5.71667,"Upstream2",4.31667,"Impoundment1",-1.4
2017-10-12,5.31,"Upstream2",4.12,"Impoundment1",-1.19
2017-10-13,5.90667,"Upstream2",6.35333,"Impoundment1",0.44666
2017-10-14,5.98,"Upstream2",6.80333,"Impoundment1",0.823329999999999
2017-10-15,6.02667,"Upstream2",6.77333,"Impoundment1",0.746659999999999
2017-10-16,5.91333,"Upstream2",6.53333,"Impoundment1",0.62
2017-10-17,5.85667,"Upstream2",6.95333,"Impoundment1",1.09666
2017-10-18,7.75667,"Upstream2",7.92333,"Impoundment1",0.16666
2017-10-19,7.67667,"Upstream2",8,"Impoundment1",0.32333
2017-10-20,7.45,"Upstream2",7.78,"Impoundment1",0.33
2017-10-21,7.35,"Upstream2",7.65,"Impoundment1",0.300000000000001
2017-10-22,7.1,"Upstream2",7.32333,"Impoundment1",0.223330000000001
2017-10-23,6.84333,"Upstream2",6.71333,"Impoundment1",-0.13
2017-10-24,7.00667,"Upstream2",5.19333,"Impoundment1",-1.81334
2017-10-25,6.93,"Upstream2",6.90667,"Impoundment1",-0.0233299999999996
2017-10-26,7.34667,"Upstream2",7.74,"Impoundment1",0.393330000000001
2017-10-27,7.61667,"Upstream2",8.02667,"Impoundment1",0.409999999999999
2017-10-28,7.17333,"Upstream2",7.32333,"Impoundment1",0.15
2017-10-29,7.21667,"Upstream2",7.13,"Impoundment1",-0.0866699999999998
2017-10-30,7.53667,"Upstream2",7.17333,"Impoundment1",-0.36334
2017-10-31,7.72333,"Upstream2",7.12333,"Impoundment1",-0.6
2017-11-01,7.32667,"Upstream2",6.75,"Impoundment1",-0.57667
2017-11-02,7.04667,"Upstream2",6.21667,"Impoundment1",-0.83
2017-11-03,7.96,"Upstream2",8.01333,"Impoundment1",0.0533299999999999
2017-11-04,7.67667,"Upstream2",7.68,"Impoundment1",0.00333000000000006
2017-11-05,7.85333,"Upstream2",7.75667,"Impoundment1",-0.09666
2017-11-06,7.76,"Upstream2",7.51333,"Impoundment1",-0.24667
2017-11-07,7.16667,"Upstream2",6.44,"Impoundment1",-0.726669999999999
2017-11-08,7.46667,"Upstream2",5.6,"Impoundment1",-1.86667
2017-11-09,8.07667,"Upstream2",7.88,"Impoundment1",-0.19667
2017-11-10,7.84,"Upstream2",7.40667,"Impoundment1",-0.43333
2017-11-11,8.11333,"Upstream2",8.03667,"Impoundment1",-0.0766599999999986
2017-11-12,8.57667,"Upstream2",9.16333,"Impoundment1",0.58666
2017-11-13,8.15,"Upstream2",5.62667,"Impoundment1",-2.52333
2017-11-14,8.80667,"Upstream2",2.37333,"Impoundment1",-6.43334
2017-11-15,8.63,"Upstream2",2.35667,"Impoundment1",-6.27333
2017-11-16,8.92333,"Upstream2",2.34,"Impoundment1",-6.58333
2017-11-17,8.92667,"Upstream2",1.88667,"Impoundment1",-7.04
2017-11-18,9.74667,"Upstream2",9.95667,"Impoundment1",0.210000000000001
2017-11-19,8.87333,"Upstream2",9.14667,"Impoundment1",0.273340000000001
2017-11-20,9.08,"Upstream2",9.31,"Impoundment1",0.23
2017-11-21,9.88667,"Upstream2",10.09,"Impoundment1",0.203329999999999
2017-11-22,9.31667,"Upstream2",9.63333,"Impoundment1",0.316660000000001
2017-11-23,9.09333,"Upstream2",9.23333,"Impoundment1",0.140000000000001
2017-11-24,9.73,"Upstream2",10.11,"Impoundment1",0.379999999999999
2017-11-25,9.96667,"Upstream2",10.24,"Impoundment1",0.27333
2017-11-26,9.51667,"Upstream2",10.0933,"Impoundment1",0.57663
2017-11-27,9.72333,"Upstream2",10.0733,"Impoundment1",0.349969999999999
2017-11-28,10.13,"Upstream2",10.4467,"Impoundment1",0.316699999999999
2017-11-29,9.85667,"Upstream2",10.2767,"Impoundment1",0.420030000000001
2017-11-30,9.63333,"Upstream2",9.99,"Impoundment1",0.356669999999999
2017-12-01,9.31333,"Upstream2",9.56667,"Impoundment1",0.25334
2017-12-02,9.1,"Upstream2",9.26667,"Impoundment1",0.16667
2017-12-03,9.05,"Upstream2",8.68333,"Impoundment1",-0.366670000000001
2017-12-04,9.14,"Upstream2",7.7,"Impoundment1",-1.44
2017-12-05,9.29667,"Upstream2",8.58667,"Impoundment1",-0.710000000000001
2017-12-06,8.94667,"Upstream2",9.14667,"Impoundment1",0.200000000000001
2017-12-07,9.28667,"Upstream2",8.99667,"Impoundment1",-0.290000000000001
2017-12-08,9.75667,"Upstream2",9.84667,"Impoundment1",0.0899999999999999
2017-12-09,10.5,"Upstream2",10.4333,"Impoundment1",-0.0667000000000009
2017-12-10,10.71,"Upstream2",10.97,"Impoundment1",0.26
2017-12-11,11.03,"Upstream2",11.29,"Impoundment1",0.26
2017-12-12,10.77,"Upstream2",11.2,"Impoundment1",0.43
2017-12-13,10.7367,"Upstream2",10.4267,"Impoundment1",-0.31
2017-12-14,11.2467,"Upstream2",11.4267,"Impoundment1",0.18
2017-12-15,10.8667,"Upstream2",11.32,"Impoundment1",0.4533
2017-12-16,11.0367,"Upstream2",11.2133,"Impoundment1",0.176600000000001
2017-12-17,11.2067,"Upstream2",11.1733,"Impoundment1",-0.0334000000000003
2017-12-18,10.61,"Upstream2",10.4967,"Impoundment1",-0.113299999999999
2017-12-19,10.1333,"Upstream2",10.0633,"Impoundment1",-0.0700000000000003
2017-12-20,9.52667,"Upstream2",8.78667,"Impoundment1",-0.739999999999998
2017-12-21,9.32,"Upstream2",9.25667,"Impoundment1",-0.0633300000000006
2017-12-22,9.93,"Upstream2",9.32333,"Impoundment1",-0.606669999999999
2017-12-23,9.53,"Upstream2",8.48,"Impoundment1",-1.05
2017-12-24,9.24333,"Upstream2",7.46667,"Impoundment1",-1.77666
2017-12-25,9.72667,"Upstream2",7.58667,"Impoundment1",-2.14
2017-12-26,10.8633,"Upstream2",10.06,"Impoundment1",-0.8033
2017-12-27,11.0167,"Upstream2",10.15,"Impoundment1",-0.8667
2017-12-28,11.0567,"Upstream2",11.1433,"Impoundment1",0.0866000000000007
2017-12-29,11.8833,"Upstream2",11.6533,"Impoundment1",-0.23
2017-12-30,11.5467,"Upstream2",11.5667,"Impoundment1",0.0200000000000014
2017-12-31,10.9,"Upstream2",11.16,"Impoundment1",0.26
2018-01-01,11.8667,"Upstream2",11.2867,"Impoundment1",-0.58
2018-01-02,12.4467,"Upstream2",12.1733,"Impoundment1",-0.273400000000001
2018-01-03,12.52,"Upstream2",12.8,"Impoundment1",0.280000000000001
2018-01-04,11.9533,"Upstream2",11.6533,"Impoundment1",-0.300000000000001
2018-01-05,12.3533,"Upstream2",12.23,"Impoundment1",-0.1233
2018-01-06,12.86,"Upstream2",12.8,"Impoundment1",-0.0599999999999987
2018-01-07,13.0967,"Upstream2",8.35333,"Impoundment1",-4.74337
2018-01-08,12.7467,"Upstream2",12.8433,"Impoundment1",0.0965999999999987
2018-01-09,11.6833,"Upstream2",12.14,"Impoundment1",0.456700000000001
2018-01-10,11.0833,"Upstream2",11.1633,"Impoundment1",0.0800000000000001
2018-01-11,11.7067,"Upstream2",11.7167,"Impoundment1",0.00999999999999979
2018-01-12,10.5633,"Upstream2",10.03,"Impoundment1",-0.533300000000001
2018-01-13,9.17333,"Upstream2",8.64,"Impoundment1",-0.533329999999999
2018-01-14,10.2367,"Upstream2",9.6,"Impoundment1",-0.636700000000001
2018-01-15,12.3967,"Upstream2",12.0933,"Impoundment1",-0.3034
2018-01-16,12.6,"Upstream2",12.7333,"Impoundment1",0.1333
2018-01-17,12.0967,"Upstream2",12.38,"Impoundment1",0.283300000000001
2018-01-18,12.6533,"Upstream2",12.5067,"Impoundment1",-0.146599999999999
2018-01-19,12.7533,"Upstream2",12.77,"Impoundment1",0.0167000000000002
2018-01-20,12.34,"Upstream2",12.1767,"Impoundment1",-0.1633
2018-01-21,11.9133,"Upstream2",12.1533,"Impoundment1",0.24
2018-01-22,11.3733,"Upstream2",11.3567,"Impoundment1",-0.0166000000000004
2018-01-23,10.24,"Upstream2",6.87333,"Impoundment1",-3.36667
2018-01-24,9.52333,"Upstream2",5.11667,"Impoundment1",-4.40666
2018-01-25,10.9833,"Upstream2",3.98667,"Impoundment1",-6.99663
2018-01-26,11.56,"Upstream2",5.89,"Impoundment1",-5.67
2018-01-27,11.2867,"Upstream2",4.45667,"Impoundment1",-6.83003
2018-01-28,9.96333,"Upstream2",0.583333,"Impoundment1",-9.379997
2018-01-29,9.45,"Upstream2",2.82333,"Impoundment1",-6.62667
2018-01-30,10.2867,"Upstream2",10.2467,"Impoundment1",-0.0399999999999991
2018-01-31,11.2633,"Upstream2",11.32,"Impoundment1",0.0567000000000011
2018-02-01,11.6233,"Upstream2",11.9133,"Impoundment1",0.289999999999999
2018-02-02,10.5933,"Upstream2",11.0267,"Impoundment1",0.433400000000001
2018-02-03,11.4467,"Upstream2",11.3267,"Impoundment1",-0.119999999999999
2018-02-04,11.3833,"Upstream2",11.8033,"Impoundment1",0.42
2018-02-05,10.9667,"Upstream2",11.0533,"Impoundment1",0.0866000000000007
2018-02-06,11.4267,"Upstream2",11.2967,"Impoundment1",-0.130000000000001
2018-02-07,10.9033,"Upstream2",10.9533,"Impoundment1",0.0500000000000007
2018-02-08,10.37,"Upstream2",10.29,"Impoundment1",-0.0800000000000001
2018-02-09,11.19,"Upstream2",10.7367,"Impoundment1",-0.453299999999999
2018-02-10,10.91,"Upstream2",10.9833,"Impoundment1",0.0732999999999997
2018-02-11,10.04,"Upstream2",9.78,"Impoundment1",-0.26
2018-02-12,9.24667,"Upstream2",8.66333,"Impoundment1",-0.58334
2018-02-13,10.0833,"Upstream2",8.77,"Impoundment1",-1.3133
2018-02-14,10.78,"Upstream2",9.95,"Impoundment1",-0.83
2018-02-15,9.87667,"Upstream2",8.63,"Impoundment1",-1.24667
2018-02-16,8.87667,"Upstream2",7.18333,"Impoundment1",-1.69334
2018-02-17,8.61667,"Upstream2",6.23,"Impoundment1",-2.38667
2018-02-18,9.67667,"Upstream2",8.76333,"Impoundment1",-0.91334
2018-02-19,9.64,"Upstream2",8.39333,"Impoundment1",-1.24667
2018-02-20,9.59667,"Upstream2",8.79667,"Impoundment1",-0.799999999999999
2018-02-21,8.71,"Upstream2",8.86,"Impoundment1",0.149999999999999
2018-02-22,8.57667,"Upstream2",7.97667,"Impoundment1",-0.6
2018-02-23,8.06,"Upstream2",7.3,"Impoundment1",-0.760000000000001
2018-02-24,8.57,"Upstream2",3.69333,"Impoundment1",-4.87667
2018-02-25,7.65,"Upstream2",0.0766667,"Impoundment1",-7.5733333
2018-02-26,7.26,"Upstream2",4.12333,"Impoundment1",-3.13667
2018-02-27,8.07333,"Upstream2",4.00667,"Impoundment1",-4.06666
2018-02-28,8.71667,"Upstream2",3.20333,"Impoundment1",-5.51334
2018-03-01,6.83667,"Upstream2",4.43333,"Impoundment1",-2.40334
2018-03-02,7.06667,"Upstream2",8.75333,"Impoundment1",1.68666
2018-03-03,8.73667,"Upstream2",8.64667,"Impoundment1",-0.0899999999999999
2018-03-04,8.41,"Upstream2",8.66667,"Impoundment1",0.25667
2018-03-05,7.95333,"Upstream2",7.59,"Impoundment1",-0.36333
2018-03-06,8.98,"Upstream2",8.14667,"Impoundment1",-0.83333
2018-03-07,7.18667,"Upstream2",9.41333,"Impoundment1",2.22666
2018-03-08,9.45333,"Upstream2",5.51,"Impoundment1",-3.94333
2018-03-09,9.82667,"Upstream2",7.47667,"Impoundment1",-2.35
2018-03-10,9.27667,"Upstream2",6.33333,"Impoundment1",-2.94334
2018-03-11,8.89,"Upstream2",5.68667,"Impoundment1",-3.20333
2018-03-12,8.28,"Upstream2",1.65,"Impoundment1",-6.63
2018-03-13,9.75333,"Upstream2",11.02,"Impoundment1",1.26667
2018-03-14,9.94667,"Upstream2",10.56,"Impoundment1",0.613330000000001
2018-03-15,10.43,"Upstream2",10.7467,"Impoundment1",0.316700000000001
2018-03-16,10.0167,"Upstream2",10.1867,"Impoundment1",0.17
2018-03-17,9.98333,"Upstream2",9.83333,"Impoundment1",-0.15
2018-03-18,9.45667,"Upstream2",7.69667,"Impoundment1",-1.76
2018-03-19,9.38,"Upstream2",7.42333,"Impoundment1",-1.95667
2018-03-20,8.77667,"Upstream2",8.82667,"Impoundment1",0.0500000000000007
2018-03-21,9.59,"Upstream2",9.32333,"Impoundment1",-0.26667
2018-03-22,10.3833,"Upstream2",10.2867,"Impoundment1",-0.0966000000000005
2018-03-23,10.4933,"Upstream2",10.51,"Impoundment1",0.0167000000000002
2018-03-24,10.7233,"Upstream2",10.6467,"Impoundment1",-0.0766000000000009
2018-03-25,10.8733,"Upstream2",10.95,"Impoundment1",0.0766999999999989
2018-03-26,9.87667,"Upstream2",10.85,"Impoundment1",0.973329999999999
2018-03-27,11.39,"Upstream2",11.3167,"Impoundment1",-0.0732999999999997
2018-03-28,11.2033,"Upstream2",11.5467,"Impoundment1",0.343399999999999
2018-03-29,11.1833,"Upstream2",11.2567,"Impoundment1",0.0734000000000012
2018-03-30,10.76,"Upstream2",10.6633,"Impoundment1",-0.0967000000000002
2018-03-31,10.5933,"Upstream2",10.5367,"Impoundment1",-0.0565999999999995
2018-04-01,10.6033,"Upstream2",10.5767,"Impoundment1",-0.0266000000000002
2018-04-02,10.44,"Upstream2",10.4333,"Impoundment1",-0.00670000000000037
2018-04-03,10.0433,"Upstream2",10.05,"Impoundment1",0.00670000000000037
2018-04-04,9.81667,"Upstream2",9.83,"Impoundment1",0.0133299999999998
2018-04-05,9.39,"Upstream2",9.7,"Impoundment1",0.309999999999999
2018-04-06,9.03667,"Upstream2",9.30333,"Impoundment1",0.26666
2018-04-07,8.51333,"Upstream2",8.55667,"Impoundment1",0.0433400000000006
2018-04-08,7.78333,"Upstream2",8.42,"Impoundment1",0.63667
2018-04-09,5.83,"Upstream2",9.43,"Impoundment1",3.6
2018-04-10,7.93,"Upstream2",9.88,"Impoundment1",1.95
2018-04-11,9.62,"Upstream2",9.77667,"Impoundment1",0.15667
2018-04-12,9.40333,"Upstream2",9.73,"Impoundment1",0.32667
2018-04-13,8.58667,"Upstream2",8.34667,"Impoundment1",-0.24
2018-04-14,8.85,"Upstream2",8.00333,"Impoundment1",-0.84667
2018-04-15,8.87,"Upstream2",8.91667,"Impoundment1",0.0466700000000007
2018-04-16,8.84,"Upstream2",8.89333,"Impoundment1",0.0533300000000008
2018-05-08,8.61333,"Upstream2",8.40333,"Impoundment1",-0.209999999999999
2018-05-09,8.23,"Upstream2",8.26,"Impoundment1",0.0299999999999994
2018-05-10,7.90667,"Upstream2",7.72667,"Impoundment1",-0.18
2018-05-11,7.88,"Upstream2",7.67333,"Impoundment1",-0.20667
2018-05-12,7.77667,"Upstream2",7.57,"Impoundment1",-0.20667
2018-05-13,7.74,"Upstream2",7.52667,"Impoundment1",-0.21333
2018-05-14,7.70333,"Upstream2",7.51667,"Impoundment1",-0.18666
2018-05-15,7.70667,"Upstream2",7.49,"Impoundment1",-0.21667
2018-05-16,7.75,"Upstream2",7.64333,"Impoundment1",-0.10667
2018-05-17,6.65667,"Upstream2",6.53667,"Impoundment1",-0.12
2018-05-18,7.28667,"Upstream2",7.22667,"Impoundment1",-0.0599999999999996
2018-05-19,7.21333,"Upstream2",7.22667,"Impoundment1",0.0133400000000004
2018-05-20,7.38,"Upstream2",7.33667,"Impoundment1",-0.0433300000000001
2018-05-21,8.25667,"Upstream2",8.17333,"Impoundment1",-0.0833399999999997
2018-05-22,7.96667,"Upstream2",7.93,"Impoundment1",-0.03667
2018-05-23,7.91,"Upstream2",7.94,"Impoundment1",0.0300000000000002
2018-05-24,7.72333,"Upstream2",7.68667,"Impoundment1",-0.0366599999999995
2018-05-25,6.96667,"Upstream2",6.64667,"Impoundment1",-0.319999999999999
2018-05-26,6.83333,"Upstream2",6.07667,"Impoundment1",-0.75666
2018-05-27,6.72333,"Upstream2",6.13667,"Impoundment1",-0.58666
2018-05-28,6.69,"Upstream2",5.99667,"Impoundment1",-0.69333
2018-05-29,6.46,"Upstream2",6.15333,"Impoundment1",-0.30667
2018-05-30,5.88333,"Upstream2",6.29667,"Impoundment1",0.41334
2018-05-31,7.03,"Upstream2",6.97333,"Impoundment1",-0.0566700000000004
2018-06-01,6.82,"Upstream2",7.00667,"Impoundment1",0.186669999999999
2018-06-02,6.65333,"Upstream2",6.88,"Impoundment1",0.226669999999999
2018-06-03,6.61333,"Upstream2",7.04333,"Impoundment1",0.43
2018-06-04,6.54,"Upstream2",6.84333,"Impoundment1",0.30333
2018-06-05,6.37333,"Upstream2",6.82333,"Impoundment1",0.45
2018-06-06,5.66333,"Upstream2",6.27333,"Impoundment1",0.609999999999999
2018-06-07,5.86,"Upstream2",6.15,"Impoundment1",0.29
2018-06-08,6.47,"Upstream2",6.40667,"Impoundment1",-0.0633299999999997
2018-06-09,6.28333,"Upstream2",6.28333,"Impoundment1",0
2018-06-10,5.96333,"Upstream2",5.96333,"Impoundment1",0
2018-06-11,5.87667,"Upstream2",5.69667,"Impoundment1",-0.18
2018-06-12,6.21,"Upstream2",6.11,"Impoundment1",-0.0999999999999996
2018-06-13,5.91,"Upstream2",6.71,"Impoundment1",0.8
2018-06-14,5.73667,"Upstream2",6.38,"Impoundment1",0.64333
2018-06-15,5.76333,"Upstream2",5.98667,"Impoundment1",0.22334
2018-06-16,6.11333,"Upstream2",5.89333,"Impoundment1",-0.220000000000001
2018-06-17,6.13,"Upstream2",4.73,"Impoundment1",-1.4
2018-06-18,6.28,"Upstream2",4.41667,"Impoundment1",-1.86333
2018-06-19,6.06333,"Upstream2",4.63,"Impoundment1",-1.43333
2018-06-20,5.91333,"Upstream2",5.11667,"Impoundment1",-0.79666
2018-06-21,5.77333,"Upstream2",5.93667,"Impoundment1",0.163340000000001
2018-06-22,5.69333,"Upstream2",5.37,"Impoundment1",-0.323329999999999
2018-06-23,5.38333,"Upstream2",5.38,"Impoundment1",-0.00333000000000006
2018-06-24,5.31667,"Upstream2",4.89667,"Impoundment1",-0.42
2018-06-25,5.03333,"Upstream2",5.26667,"Impoundment1",0.23334
2018-06-26,5.27667,"Upstream2",3.77333,"Impoundment1",-1.50334
2018-06-27,5.12333,"Upstream2",5.36,"Impoundment1",0.23667
2018-06-28,5.20667,"Upstream2",2.13333,"Impoundment1",-3.07334
2018-06-29,5.98667,"Upstream2",5.94667,"Impoundment1",-0.04
2018-06-30,5.86333,"Upstream2",5.79333,"Impoundment1",-0.0700000000000003
2018-07-01,5.69,"Upstream2",5.59333,"Impoundment1",-0.0966700000000005
2018-07-02,5.51667,"Upstream2",5.43333,"Impoundment1",-0.0833400000000006
2018-07-03,5.67667,"Upstream2",5.26333,"Impoundment1",-0.41334
2018-07-04,5.41333,"Upstream2",5.48333,"Impoundment1",0.0699999999999994
2018-07-05,5.01,"Upstream2",5.32,"Impoundment1",0.31
2018-07-06,4.73,"Upstream2",5.26667,"Impoundment1",0.53667
2018-07-07,4.96667,"Upstream2",4.70333,"Impoundment1",-0.263339999999999
2018-07-08,4.57333,"Upstream2",5.94667,"Impoundment1",1.37334
2018-07-09,4.14,"Upstream2",5.84667,"Impoundment1",1.70667
2018-07-10,4.17667,"Upstream2",4.99667,"Impoundment1",0.82
2018-07-11,6.22667,"Upstream2",6.24,"Impoundment1",0.0133299999999998
2018-07-12,5.95,"Upstream2",5.9,"Impoundment1",-0.0499999999999998
2018-07-13,6.10333,"Upstream2",6.17333,"Impoundment1",0.0700000000000003
2018-07-14,5.68333,"Upstream2",5.71,"Impoundment1",0.0266700000000002
2018-07-15,5.53,"Upstream2",5.57333,"Impoundment1",0.0433300000000001
2018-07-16,4.93333,"Upstream2",4.08333,"Impoundment1",-0.85
2018-07-17,4.42,"Upstream2",4.42,"Impoundment1",0
2018-07-18,4.72333,"Upstream2",3.31667,"Impoundment1",-1.40666
2018-07-19,4.23,"Upstream2",2.29667,"Impoundment1",-1.93333
2018-07-20,4.15333,"Upstream2",1.18,"Impoundment1",-2.97333
2018-07-21,5.34333,"Upstream2",0.983333,"Impoundment1",-4.359997
2018-07-22,4.56,"Upstream2",1.85333,"Impoundment1",-2.70667
2018-07-23,3.87667,"Upstream2",3.37333,"Impoundment1",-0.50334
2018-07-24,3.31333,"Upstream2",2.97333,"Impoundment1",-0.34
2018-07-25,3.80333,"Upstream2",0.653333,"Impoundment1",-3.149997
2018-07-26,2.93333,"Upstream2",2.06667,"Impoundment1",-0.86666
2018-07-27,1.31333,"Upstream2",0.806667,"Impoundment1",-0.506663
2018-07-28,0.93,"Upstream2",0.786667,"Impoundment1",-0.143333
2018-07-29,3.03,"Upstream2",1.33667,"Impoundment1",-1.69333
2018-07-30,6.06,"Upstream2",3.76333,"Impoundment1",-2.29667
2018-07-31,5.03333,"Upstream2",4.81667,"Impoundment1",-0.21666
2018-08-01,4.65,"Upstream2",2.75,"Impoundment1",-1.9
2018-08-02,5.50333,"Upstream2",0.103333,"Impoundment1",-5.399997
2018-08-03,4.90667,"Upstream2",0.0233333,"Impoundment1",-4.8833367
2018-08-04,6.18667,"Upstream2",6.26,"Impoundment1",0.0733299999999995
2018-08-05,5.64,"Upstream2",5.47333,"Impoundment1",-0.16667
2018-08-06,5.12,"Upstream2",4.75,"Impoundment1",-0.37
2018-08-07,4.96333,"Upstream2",4.27333,"Impoundment1",-0.69
2018-08-08,4.72333,"Upstream2",3.22333,"Impoundment1",-1.5
2018-08-09,4.42,"Upstream2",3.21667,"Impoundment1",-1.20333
2018-08-10,4.58667,"Upstream2",2.78,"Impoundment1",-1.80667
2018-08-11,5.85667,"Upstream2",5.45333,"Impoundment1",-0.40334
2018-08-12,5.80667,"Upstream2",5.87667,"Impoundment1",0.0699999999999994
2018-08-13,6.06,"Upstream2",6.13333,"Impoundment1",0.0733300000000003
2018-08-14,5.88,"Upstream2",6.30333,"Impoundment1",0.42333
2018-08-15,5.39,"Upstream2",6.4,"Impoundment1",1.01
2018-08-16,5.17667,"Upstream2",6.31333,"Impoundment1",1.13666
2018-08-17,4.96333,"Upstream2",6.16333,"Impoundment1",1.2
2018-08-18,5.63,"Upstream2",6.06667,"Impoundment1",0.43667
2018-08-19,4.48333,"Upstream2",6.12333,"Impoundment1",1.64
2018-08-20,5.32333,"Upstream2",6.14333,"Impoundment1",0.819999999999999
2018-08-21,5.23667,"Upstream2",6.14333,"Impoundment1",0.90666
2018-08-22,3.94667,"Upstream2",6.09667,"Impoundment1",2.15
2018-08-23,3.80333,"Upstream2",6.07667,"Impoundment1",2.27334
2018-08-24,5.44667,"Upstream2",6.24667,"Impoundment1",0.8
2018-08-25,6.60667,"Upstream2",6.74667,"Impoundment1",0.14
2018-08-26,6.49,"Upstream2",6.68333,"Impoundment1",0.19333
2018-08-27,6.21667,"Upstream2",6.39667,"Impoundment1",0.180000000000001
2018-08-28,5.63667,"Upstream2",5.75667,"Impoundment1",0.12
2018-08-29,5.67667,"Upstream2",6.15333,"Impoundment1",0.476660000000001
2018-08-30,5.50667,"Upstream2",6.00333,"Impoundment1",0.49666
2018-08-31,5.77,"Upstream2",6.09667,"Impoundment1",0.32667
2018-09-01,5.54333,"Upstream2",5.85667,"Impoundment1",0.31334
2018-09-02,5.61333,"Upstream2",6.01333,"Impoundment1",0.399999999999999
2018-09-03,5.39333,"Upstream2",5.91333,"Impoundment1",0.52
2018-09-04,4.74,"Upstream2",5.54,"Impoundment1",0.8
2018-09-05,5.16333,"Upstream2",5.19333,"Impoundment1",0.0299999999999994
2018-09-06,6.05,"Upstream2",NA,NA,NA
2018-09-07,5.98,"Upstream2",NA,NA,NA
2018-09-08,5.87333,"Upstream2",NA,NA,NA
2018-09-09,5.69333,"Upstream2",NA,NA,NA
2018-09-10,5.79667,"Upstream2",NA,NA,NA
2018-09-11,5.32333,"Upstream2",NA,NA,NA
2018-09-12,4.53333,"Upstream2",NA,NA,NA
2018-09-13,4.19333,"Upstream2",NA,NA,NA
2018-09-14,3.07333,"Upstream2",NA,NA,NA
2018-09-15,5.13,"Upstream2",NA,NA,NA
2018-09-16,5.42,"Upstream2",NA,NA,NA
2018-09-17,5.62667,"Upstream2",NA,NA,NA
2018-09-18,5.00667,"Upstream2",NA,NA,NA
2018-09-19,4.98333,"Upstream2",NA,NA,NA
2018-09-20,1.28333,"Upstream2",NA,NA,NA
2018-09-21,0.7,"Upstream2",NA,NA,NA
2018-09-22,4.14667,"Upstream2",NA,NA,NA
2018-09-23,2.17,"Upstream2",NA,NA,NA
2018-09-24,3.28667,"Upstream2",NA,NA,NA
2018-09-25,4.33667,"Upstream2",NA,NA,NA
2018-09-26,5.31667,"Upstream2",NA,NA,NA
2018-09-27,6.15,"Upstream2",NA,NA,NA
2018-09-28,6.47333,"Upstream2",NA,NA,NA
2018-09-29,6.72667,"Upstream2",NA,NA,NA
2018-09-30,7.01667,"Upstream2",NA,NA,NA
2018-10-01,6.86,"Upstream2",NA,NA,NA
2018-10-02,6.93667,"Upstream2",NA,NA,NA
2018-10-03,6.81667,"Upstream2",NA,NA,NA
2018-10-04,6.73,"Upstream2",NA,NA,NA
2018-10-05,5.48333,"Upstream2",NA,NA,NA
2018-10-06,5.64333,"Upstream2",NA,NA,NA
2018-10-07,6.57333,"Upstream2",NA,NA,NA
2018-10-08,6.29667,"Upstream2",NA,NA,NA
2018-10-09,4.47333,"Upstream2",NA,NA,NA
2018-10-10,2.77,"Upstream2",NA,NA,NA
2018-10-11,2.84333,"Upstream2",NA,NA,NA
2018-10-12,5.44667,"Upstream2",NA,NA,NA
2018-10-13,6.17667,"Upstream2",NA,NA,NA
2018-10-14,6.85333,"Upstream2",NA,NA,NA
2018-10-15,6.91,"Upstream2",NA,NA,NA
2018-10-16,7.63333,"Upstream2",NA,NA,NA
2018-10-17,7.65,"Upstream2",NA,NA,NA
2018-10-18,7.88333,"Upstream2",NA,NA,NA
2018-10-19,6.94667,"Upstream2",NA,NA,NA
2018-10-20,7.01667,"Upstream2",NA,NA,NA
2018-10-21,7.76,"Upstream2",NA,NA,NA
2018-10-22,7.99667,"Upstream2",NA,NA,NA
2018-10-23,7.62333,"Upstream2",NA,NA,NA
2018-10-24,7.33,"Upstream2",NA,NA,NA
2018-10-25,7.69667,"Upstream2",NA,NA,NA
2018-10-26,7.97667,"Upstream2",NA,NA,NA
2018-10-27,7.72333,"Upstream2",NA,NA,NA
2018-10-28,7.4,"Upstream2",NA,NA,NA
2018-10-29,7.82667,"Upstream2",NA,NA,NA
2018-10-30,9.15667,"Upstream2",NA,NA,NA
2018-10-31,8.9,"Upstream2",NA,NA,NA
2018-11-01,8.62333,"Upstream2",NA,NA,NA
2018-11-02,8.36333,"Upstream2",NA,NA,NA
2018-11-03,7.67667,"Upstream2",NA,NA,NA
2018-11-04,8.31333,"Upstream2",NA,NA,NA
2018-11-05,8.3,"Upstream2",NA,NA,NA
2018-11-06,8.04,"Upstream2",NA,NA,NA
2018-11-07,8.84,"Upstream2",NA,NA,NA
NA,NA,"Upstream2",NA,"Impoundment1",NA
